2023-07-20 12:28:22.148  INFO 8564 --- [main] o.l.modules.hepatitis.HepatitisModule    : Starting HepatitisModule on DESKTOP-P3FFB61 with PID 8564 (C:\lamisplus\Hepatitis-module\target\classes started by User in C:\lamisplus\Hepatitis-module)
2023-07-20 12:28:22.152  INFO 8564 --- [main] o.l.modules.hepatitis.HepatitisModule    : No active profile set, falling back to default profiles: default
2023-07-20 12:28:22.788  WARN 8564 --- [background-preinit] o.s.h.c.j.Jackson2ObjectMapperBuilder    : For Jackson Kotlin classes support please add "com.fasterxml.jackson.module:jackson-module-kotlin" to the classpath
2023-07-20 12:28:22.983  WARN 8564 --- [main] f.a.b.AcrossApplicationAutoConfiguration : 
2023-07-20 12:28:22.984  WARN 8564 --- [main] f.a.b.AcrossApplicationAutoConfiguration : --- Across AutoConfiguration Report ---
2023-07-20 12:28:22.984  WARN 8564 --- [main] f.a.b.AcrossApplicationAutoConfiguration : The following 52 auto-configuration classes have unknown Across support and were not added:
2023-07-20 12:28:22.986  WARN 8564 --- [main] f.a.b.AcrossApplicationAutoConfiguration : - org.springframework.boot.autoconfigure.task.TaskExecutionAutoConfiguration
2023-07-20 12:28:22.986  WARN 8564 --- [main] f.a.b.AcrossApplicationAutoConfiguration : - io.github.jhipster.config.JHipsterProperties
2023-07-20 12:28:22.987  WARN 8564 --- [main] f.a.b.AcrossApplicationAutoConfiguration : - io.github.jhipster.config.apidoc.SwaggerAutoConfiguration
2023-07-20 12:28:22.987  WARN 8564 --- [main] f.a.b.AcrossApplicationAutoConfiguration : - io.github.jhipster.config.apidoc.SwaggerPluginsAutoConfiguration
2023-07-20 12:28:22.987  WARN 8564 --- [main] f.a.b.AcrossApplicationAutoConfiguration : - io.github.jhipster.config.info.JHipsterInfoContributorConfiguration
2023-07-20 12:28:22.987  WARN 8564 --- [main] f.a.b.AcrossApplicationAutoConfiguration : - io.github.jhipster.config.metric.JHipsterLoggingMetricsExportConfiguration
2023-07-20 12:28:22.987  WARN 8564 --- [main] f.a.b.AcrossApplicationAutoConfiguration : - io.github.jhipster.config.metric.JHipsterMetricsEndpointConfiguration
2023-07-20 12:28:22.987  WARN 8564 --- [main] f.a.b.AcrossApplicationAutoConfiguration : - io.github.jhipster.security.ssl.UndertowSSLConfiguration
2023-07-20 12:28:22.987  WARN 8564 --- [main] f.a.b.AcrossApplicationAutoConfiguration : - io.github.jhipster.security.uaa.UaaAutoConfiguration
2023-07-20 12:28:22.987  WARN 8564 --- [main] f.a.b.AcrossApplicationAutoConfiguration : - io.github.resilience4j.bulkhead.autoconfigure.BulkheadAutoConfiguration
2023-07-20 12:28:22.987  WARN 8564 --- [main] f.a.b.AcrossApplicationAutoConfiguration : - io.github.resilience4j.bulkhead.autoconfigure.BulkheadMetricsAutoConfiguration
2023-07-20 12:28:22.988  WARN 8564 --- [main] f.a.b.AcrossApplicationAutoConfiguration : - io.github.resilience4j.bulkhead.autoconfigure.ThreadPoolBulkheadMetricsAutoConfiguration
2023-07-20 12:28:22.988  WARN 8564 --- [main] f.a.b.AcrossApplicationAutoConfiguration : - io.github.resilience4j.circuitbreaker.autoconfigure.CircuitBreakerAutoConfiguration
2023-07-20 12:28:22.988  WARN 8564 --- [main] f.a.b.AcrossApplicationAutoConfiguration : - io.github.resilience4j.circuitbreaker.autoconfigure.CircuitBreakerMetricsAutoConfiguration
2023-07-20 12:28:22.988  WARN 8564 --- [main] f.a.b.AcrossApplicationAutoConfiguration : - io.github.resilience4j.circuitbreaker.autoconfigure.CircuitBreakersHealthIndicatorAutoConfiguration
2023-07-20 12:28:22.988  WARN 8564 --- [main] f.a.b.AcrossApplicationAutoConfiguration : - io.github.resilience4j.ratelimiter.autoconfigure.RateLimiterAutoConfiguration
2023-07-20 12:28:22.988  WARN 8564 --- [main] f.a.b.AcrossApplicationAutoConfiguration : - io.github.resilience4j.ratelimiter.autoconfigure.RateLimiterMetricsAutoConfiguration
2023-07-20 12:28:22.988  WARN 8564 --- [main] f.a.b.AcrossApplicationAutoConfiguration : - io.github.resilience4j.ratelimiter.autoconfigure.RateLimitersHealthIndicatorAutoConfiguration
2023-07-20 12:28:22.988  WARN 8564 --- [main] f.a.b.AcrossApplicationAutoConfiguration : - io.github.resilience4j.retry.autoconfigure.RetryAutoConfiguration
2023-07-20 12:28:22.989  WARN 8564 --- [main] f.a.b.AcrossApplicationAutoConfiguration : - io.github.resilience4j.retry.autoconfigure.RetryMetricsAutoConfiguration
2023-07-20 12:28:22.989  WARN 8564 --- [main] f.a.b.AcrossApplicationAutoConfiguration : - io.github.resilience4j.scheduled.threadpool.autoconfigure.ContextAwareScheduledThreadPoolAutoConfiguration
2023-07-20 12:28:22.989  WARN 8564 --- [main] f.a.b.AcrossApplicationAutoConfiguration : - io.github.resilience4j.timelimiter.autoconfigure.TimeLimiterAutoConfiguration
2023-07-20 12:28:22.989  WARN 8564 --- [main] f.a.b.AcrossApplicationAutoConfiguration : - io.github.resilience4j.timelimiter.autoconfigure.TimeLimiterMetricsAutoConfiguration
2023-07-20 12:28:22.989  WARN 8564 --- [main] f.a.b.AcrossApplicationAutoConfiguration : - org.springframework.boot.actuate.autoconfigure.availability.AvailabilityHealthContributorAutoConfiguration
2023-07-20 12:28:22.989  WARN 8564 --- [main] f.a.b.AcrossApplicationAutoConfiguration : - org.springframework.boot.actuate.autoconfigure.availability.AvailabilityProbesAutoConfiguration
2023-07-20 12:28:22.990  WARN 8564 --- [main] f.a.b.AcrossApplicationAutoConfiguration : - org.springframework.boot.autoconfigure.cache.CacheAutoConfiguration
2023-07-20 12:28:22.990  WARN 8564 --- [main] f.a.b.AcrossApplicationAutoConfiguration : - org.springframework.cloud.stream.config.BindingServiceConfiguration
2023-07-20 12:28:22.990  WARN 8564 --- [main] f.a.b.AcrossApplicationAutoConfiguration : - org.springframework.cloud.stream.config.BindersHealthIndicatorAutoConfiguration
2023-07-20 12:28:22.990  WARN 8564 --- [main] f.a.b.AcrossApplicationAutoConfiguration : - org.springframework.boot.actuate.autoconfigure.health.HealthContributorAutoConfiguration
2023-07-20 12:28:22.990  WARN 8564 --- [main] f.a.b.AcrossApplicationAutoConfiguration : - org.springframework.boot.autoconfigure.integration.IntegrationAutoConfiguration
2023-07-20 12:28:22.990  WARN 8564 --- [main] f.a.b.AcrossApplicationAutoConfiguration : - org.springframework.boot.actuate.autoconfigure.integration.IntegrationGraphEndpointAutoConfiguration
2023-07-20 12:28:22.990  WARN 8564 --- [main] f.a.b.AcrossApplicationAutoConfiguration : - org.springframework.boot.actuate.autoconfigure.jdbc.DataSourceHealthContributorAutoConfiguration
2023-07-20 12:28:22.990  WARN 8564 --- [main] f.a.b.AcrossApplicationAutoConfiguration : - org.springframework.boot.actuate.autoconfigure.mail.MailHealthContributorAutoConfiguration
2023-07-20 12:28:22.990  WARN 8564 --- [main] f.a.b.AcrossApplicationAutoConfiguration : - org.springframework.boot.actuate.autoconfigure.metrics.KafkaMetricsAutoConfiguration
2023-07-20 12:28:22.992  WARN 8564 --- [main] f.a.b.AcrossApplicationAutoConfiguration : - org.springframework.boot.actuate.autoconfigure.metrics.web.client.HttpClientMetricsAutoConfiguration
2023-07-20 12:28:22.992  WARN 8564 --- [main] f.a.b.AcrossApplicationAutoConfiguration : - org.springframework.boot.actuate.autoconfigure.security.servlet.ManagementWebSecurityAutoConfiguration
2023-07-20 12:28:22.992  WARN 8564 --- [main] f.a.b.AcrossApplicationAutoConfiguration : - org.springframework.boot.autoconfigure.context.LifecycleAutoConfiguration
2023-07-20 12:28:22.992  WARN 8564 --- [main] f.a.b.AcrossApplicationAutoConfiguration : - org.springframework.boot.autoconfigure.jooq.JooqAutoConfiguration
2023-07-20 12:28:22.992  WARN 8564 --- [main] f.a.b.AcrossApplicationAutoConfiguration : - org.springframework.boot.autoconfigure.kafka.KafkaAutoConfiguration
2023-07-20 12:28:22.992  WARN 8564 --- [main] f.a.b.AcrossApplicationAutoConfiguration : - org.springframework.boot.autoconfigure.quartz.QuartzAutoConfiguration
2023-07-20 12:28:22.993  WARN 8564 --- [main] f.a.b.AcrossApplicationAutoConfiguration : - org.springframework.boot.autoconfigure.security.reactive.ReactiveUserDetailsServiceAutoConfiguration
2023-07-20 12:28:22.993  WARN 8564 --- [main] f.a.b.AcrossApplicationAutoConfiguration : - org.springframework.boot.autoconfigure.security.servlet.SecurityAutoConfiguration
2023-07-20 12:28:22.993  WARN 8564 --- [main] f.a.b.AcrossApplicationAutoConfiguration : - org.springframework.boot.autoconfigure.security.servlet.SecurityFilterAutoConfiguration
2023-07-20 12:28:22.993  WARN 8564 --- [main] f.a.b.AcrossApplicationAutoConfiguration : - org.springframework.boot.autoconfigure.security.servlet.UserDetailsServiceAutoConfiguration
2023-07-20 12:28:22.993  WARN 8564 --- [main] f.a.b.AcrossApplicationAutoConfiguration : - org.springframework.boot.autoconfigure.task.TaskSchedulingAutoConfiguration
2023-07-20 12:28:22.993  WARN 8564 --- [main] f.a.b.AcrossApplicationAutoConfiguration : - org.springframework.cloud.function.context.config.ContextFunctionCatalogAutoConfiguration
2023-07-20 12:28:22.993  WARN 8564 --- [main] f.a.b.AcrossApplicationAutoConfiguration : - org.springframework.cloud.stream.binder.kafka.config.ExtendedBindingHandlerMappingsProviderConfiguration
2023-07-20 12:28:22.993  WARN 8564 --- [main] f.a.b.AcrossApplicationAutoConfiguration : - org.springframework.cloud.stream.config.BindingsEndpointAutoConfiguration
2023-07-20 12:28:22.994  WARN 8564 --- [main] f.a.b.AcrossApplicationAutoConfiguration : - org.springframework.cloud.stream.config.ChannelBindingAutoConfiguration
2023-07-20 12:28:22.994  WARN 8564 --- [main] f.a.b.AcrossApplicationAutoConfiguration : - org.springframework.cloud.stream.config.ChannelsEndpointAutoConfiguration
2023-07-20 12:28:22.994  WARN 8564 --- [main] f.a.b.AcrossApplicationAutoConfiguration : - org.springframework.cloud.stream.function.FunctionConfiguration
2023-07-20 12:28:22.994  WARN 8564 --- [main] f.a.b.AcrossApplicationAutoConfiguration : - org.springframework.cloud.stream.schema.avro.AvroMessageConverterAutoConfiguration
2023-07-20 12:28:22.994  WARN 8564 --- [main] f.a.b.AcrossApplicationAutoConfiguration : Consider adding them to a META-INF/across.configuration.
2023-07-20 12:28:22.994  WARN 8564 --- [main] f.a.b.AcrossApplicationAutoConfiguration : --- End Across AutoConfiguration Report ---
2023-07-20 12:28:22.995  WARN 8564 --- [main] f.a.b.AcrossApplicationAutoConfiguration : 
2023-07-20 12:28:23.271  INFO 8564 --- [main] .a.c.ApplicationAutoConfigurationPackage : Disabling @AutoConfigurationPackage on the root package - Across applications support only the application module
2023-07-20 12:28:23.284  WARN 8564 --- [main] o.s.b.a.AutoConfigurationPackages        : @EnableAutoConfiguration was declared on a class in the default package. Automatic @Repository and @Entity scanning is not enabled.
2023-07-20 12:28:23.811  INFO 8564 --- [main] o.s.b.w.embedded.tomcat.TomcatWebServer  : Tomcat initialized with port(s): 8088 (http)
2023-07-20 12:28:23.823  INFO 8564 --- [main] o.apache.catalina.core.StandardService   : Starting service [Tomcat]
2023-07-20 12:28:23.823  INFO 8564 --- [main] org.apache.catalina.core.StandardEngine  : Starting Servlet engine: [Apache Tomcat/9.0.39]
2023-07-20 12:28:23.876  INFO 8564 --- [main] o.a.c.c.C.[Tomcat].[localhost].[/]       : Initializing Spring embedded WebApplicationContext
2023-07-20 12:28:23.876  INFO 8564 --- [main] w.s.c.ServletWebServerApplicationContext : Root WebApplicationContext: initialization completed in 1672 ms
2023-07-20 12:28:23.944  INFO 8564 --- [main] c.f.a.config.AcrossContextConfiguration  : Single datasource bean found - registering it as the AcrossContext datasource.
2023-07-20 12:28:24.124  INFO 8564 --- [main] c.f.a.c.AcrossDynamicModulesConfigurer   : Adding package based APPLICATION module HepatitisModuleApplicationModule, resources: hepatitisModule, base package: org.lamisplus.modules.hepatitis.application
2023-07-20 12:28:24.146  INFO 8564 --- [main] c.f.a.c.c.bootstrap.AcrossBootstrapper   : ---
2023-07-20 12:28:24.147  INFO 8564 --- [main] c.f.a.c.c.bootstrap.AcrossBootstrapper   : AcrossContext: HepatitisModule (AcrossContext-1)
2023-07-20 12:28:24.147  INFO 8564 --- [main] c.f.a.c.c.bootstrap.AcrossBootstrapper   : Bootstrapping 6 modules in the following order:
2023-07-20 12:28:24.147  INFO 8564 --- [main] c.f.a.c.c.bootstrap.AcrossBootstrapper   : 1 - AcrossContextInfrastructureModule 5.1.0.RELEASE [resources: AcrossContextInfrastructureModule]
2023-07-20 12:28:24.147  INFO 8564 --- [main] c.f.a.c.c.bootstrap.AcrossBootstrapper   : 2 - AcrossHibernateJpaModule 4.1.0.RELEASE [resources: AcrossHibernateJpaModule]
2023-07-20 12:28:24.147  INFO 8564 --- [main] c.f.a.c.c.bootstrap.AcrossBootstrapper   : 3 - AcrossWebModule 5.1.0.RELEASE [resources: ]
2023-07-20 12:28:24.147  INFO 8564 --- [main] c.f.a.c.c.bootstrap.AcrossBootstrapper   : 4 - HepatitisModule NO_VERSION [resources: HepatitisModule]
2023-07-20 12:28:24.147  INFO 8564 --- [main] c.f.a.c.c.bootstrap.AcrossBootstrapper   : 5 - HepatitisModuleApplicationModule dynamic-module [resources: hepatitisModule]
2023-07-20 12:28:24.147  INFO 8564 --- [main] c.f.a.c.c.bootstrap.AcrossBootstrapper   : 6 - AcrossContextPostProcessorModule 5.1.0.RELEASE [resources: AcrossContextPostProcessorModule]
2023-07-20 12:28:24.147  INFO 8564 --- [main] c.f.a.c.c.bootstrap.AcrossBootstrapper   : ---
2023-07-20 12:28:24.210  INFO 8564 --- [main] c.f.across.core.config.AcrossConfig      : Creating a default ConversionService as no valid bean 'conversionService' is present
2023-07-20 12:28:24.419  INFO 8564 --- [main] com.zaxxer.hikari.HikariDataSource       : HikariPool-1 - Starting...
2023-07-20 12:28:24.823  INFO 8564 --- [main] com.zaxxer.hikari.HikariDataSource       : HikariPool-1 - Start completed.
2023-07-20 12:28:24.865  INFO 8564 --- [main] c.f.a.c.c.bootstrap.AcrossBootstrapper   : 
2023-07-20 12:28:24.865  INFO 8564 --- [main] c.f.a.c.c.bootstrap.AcrossBootstrapper   : --- Starting module bootstrap
2023-07-20 12:28:24.868  INFO 8564 --- [main] c.f.a.c.c.bootstrap.AcrossBootstrapper   : 
2023-07-20 12:28:24.868  INFO 8564 --- [main] c.f.a.c.c.bootstrap.AcrossBootstrapper   :  1 - AcrossContextInfrastructureModule 5.1.0.RELEASE [resources: AcrossContextInfrastructureModule]
2023-07-20 12:28:24.869  INFO 8564 --- [main] c.f.a.c.c.bootstrap.AcrossBootstrapper   :      class com.foreach.across.core.AcrossContextConfigurationModule
2023-07-20 12:28:24.869  INFO 8564 --- [main] c.f.a.c.c.bootstrap.AcrossBootstrapper   : 
2023-07-20 12:28:24.870  INFO 8564 --- [main] c.f.a.c.c.bootstrap.AcrossBootstrapper   :      Nothing to be done - skipping module bootstrap
2023-07-20 12:28:24.870  INFO 8564 --- [main] c.f.a.c.c.bootstrap.AcrossBootstrapper   : 
2023-07-20 12:28:24.871  INFO 8564 --- [main] c.f.a.c.c.bootstrap.AcrossBootstrapper   :  2 - AcrossHibernateJpaModule 4.1.0.RELEASE [resources: AcrossHibernateJpaModule]
2023-07-20 12:28:24.871  INFO 8564 --- [main] c.f.a.c.c.bootstrap.AcrossBootstrapper   :      class com.foreach.across.modules.hibernate.jpa.AcrossHibernateJpaModule
2023-07-20 12:28:24.871  INFO 8564 --- [main] c.f.a.c.c.bootstrap.AcrossBootstrapper   : 
2023-07-20 12:28:25.010  INFO 8564 --- [main] c.f.a.c.d.AcrossDevelopmentMode          : Across development mode active: false
2023-07-20 12:28:25.112  INFO 8564 --- [main] c.f.a.m.h.j.c.HibernateJpaConfiguration  : Resolving datasource bean acrossDataSource for the EntityManagerFactory
2023-07-20 12:28:25.181  INFO 8564 --- [main] o.hibernate.jpa.internal.util.LogHelper  : HHH000204: Processing PersistenceUnitInfo [
	name: AcrossHibernateJpaModule
	...]
2023-07-20 12:28:25.284  INFO 8564 --- [main] org.hibernate.Version                    : HHH000412: Hibernate Core {5.4.0.Final}
2023-07-20 12:28:25.287  INFO 8564 --- [main] org.hibernate.cfg.Environment            : HHH000206: hibernate.properties not found
2023-07-20 12:28:25.526  INFO 8564 --- [main] o.hibernate.annotations.common.Version   : HCANN000001: Hibernate Commons Annotations {5.1.0.Final}
2023-07-20 12:28:25.717  INFO 8564 --- [main] org.hibernate.dialect.Dialect            : HHH000400: Using dialect: org.hibernate.dialect.PostgreSQL95Dialect
2023-07-20 12:28:25.843  INFO 8564 --- [main] org.hibernate.type.BasicTypeRegistry     : HHH000270: Type registration [java.util.UUID] overrides previous : org.hibernate.type.UUIDBinaryType@48ee3c2d
2023-07-20 12:28:26.089  WARN 8564 --- [main] Hypersistence Optimizer                  : You should use Hypersistence Optimizer to speed up your Hibernate application!
2023-07-20 12:28:26.090  WARN 8564 --- [main] Hypersistence Optimizer                  : For more details, go to https://vladmihalcea.com/hypersistence-optimizer/
2023-07-20 12:28:26.091  INFO 8564 --- [main] Hypersistence Optimizer                  : 
 _    _                           _     _
| |  | |                         (_)   | |
| |__| |_   _ _ __   ___ _ __ ___ _ ___| |_ ___ _ __   ___ ___
|  __  | | | | '_ \ / _ \ '__/ __| / __| __/ _ \ '_ \ / __/ _ \
| |  | | |_| | |_) |  __/ |  \__ \ \__ \ ||  __/ | | | (_|  __/
|_|  |_|\__, | .__/ \___|_|  |___/_|___/\__\___|_| |_|\___\___|
         __/ | |
        |___/|_|

           ____        _   _           _
          / __ \      | | (_)         (_)
         | |  | |_ __ | |_ _ _ __ ___  _ _______ _ __
         | |  | | '_ \| __| | '_ ` _ \| |_  / _ \ '__|
         | |__| | |_) | |_| | | | | | | |/ /  __/ |
          \____/| .__/ \__|_|_| |_| |_|_/___\___|_|
                | |
                |_|

2023-07-20 12:28:27.140  INFO 8564 --- [main] o.h.e.t.j.p.i.JtaPlatformInitiator       : HHH000490: Using JtaPlatform implementation: [org.hibernate.engine.transaction.jta.platform.internal.NoJtaPlatform]
2023-07-20 12:28:27.142  INFO 8564 --- [main] j.LocalContainerEntityManagerFactoryBean : Initialized JPA EntityManagerFactory for persistence unit 'AcrossHibernateJpaModule'
2023-07-20 12:28:27.197  INFO 8564 --- [main] c.f.a.c.c.bootstrap.AcrossBootstrapper   : 
2023-07-20 12:28:27.197  INFO 8564 --- [main] c.f.a.c.c.bootstrap.AcrossBootstrapper   :  3 - AcrossWebModule 5.1.0.RELEASE [resources: ]
2023-07-20 12:28:27.197  INFO 8564 --- [main] c.f.a.c.c.bootstrap.AcrossBootstrapper   :      class com.foreach.across.modules.web.AcrossWebModule
2023-07-20 12:28:27.198  INFO 8564 --- [main] c.f.a.c.c.bootstrap.AcrossBootstrapper   : 
2023-07-20 12:28:27.447  INFO 8564 --- [main] f.a.m.w.c.ConversionServiceConfiguration : Using the default ConversionService as mvcConversionService
2023-07-20 12:28:27.742  INFO 8564 --- [main] c.f.a.c.c.bootstrap.AcrossBootstrapper   : 
2023-07-20 12:28:27.742  INFO 8564 --- [main] c.f.a.c.c.bootstrap.AcrossBootstrapper   :  4 - HepatitisModule NO_VERSION [resources: HepatitisModule]
2023-07-20 12:28:27.742  INFO 8564 --- [main] c.f.a.c.c.bootstrap.AcrossBootstrapper   :      class org.lamisplus.modules.hepatitis.HepatitisModule$$EnhancerBySpringCGLIB$$b470af7f
2023-07-20 12:28:27.742  INFO 8564 --- [main] c.f.a.c.c.bootstrap.AcrossBootstrapper   : 
2023-07-20 12:28:27.799  INFO 8564 --- [main] .s.d.r.c.RepositoryConfigurationDelegate : Bootstrapping Spring Data JPA repositories in DEFAULT mode.
2023-07-20 12:28:27.820  INFO 8564 --- [main] .s.d.r.c.RepositoryConfigurationDelegate : Finished Spring Data repository scanning in 7ms. Found 0 JPA repository interfaces.
2023-07-20 12:28:27.846  WARN 8564 --- [main] c.f.a.c.c.w.AcrossWebApplicationContext  : Exception encountered during context initialization - cancelling refresh attempt: org.springframework.beans.factory.UnsatisfiedDependencyException: Error creating bean with name 'hepatitisEnrollmentController' defined in file [C:\lamisplus\Hepatitis-module\target\classes\org\lamisplus\modules\hepatitis\controller\HepatitisEnrollmentController.class]: Unsatisfied dependency expressed through constructor parameter 0; nested exception is org.springframework.beans.factory.UnsatisfiedDependencyException: Error creating bean with name 'hepatitisServiceImplementation' defined in file [C:\lamisplus\Hepatitis-module\target\classes\org\lamisplus\modules\hepatitis\service\implementations\HepatitisServiceImplementation.class]: Unsatisfied dependency expressed through constructor parameter 0; nested exception is org.springframework.beans.factory.NoSuchBeanDefinitionException: No qualifying bean of type 'org.lamisplus.modules.hepatitis.repository.EnrollmentRepository' available: expected at least 1 bean which qualifies as autowire candidate. Dependency annotations: {}
2023-07-20 12:28:27.849 ERROR 8564 --- [main] o.s.b.web.embedded.tomcat.TomcatStarter  : Error starting Tomcat context. Exception: org.springframework.beans.factory.BeanCreationException. Message: Error creating bean with name 'acrossContext' defined in com.foreach.across.config.AcrossContextConfiguration: Bean instantiation via factory method failed; nested exception is org.springframework.beans.BeanInstantiationException: Failed to instantiate [com.foreach.across.core.AcrossContext]: Factory method 'acrossContext' threw exception; nested exception is com.foreach.across.core.context.bootstrap.AcrossBootstrapException: Across module bootstrap failed: HepatitisModule
2023-07-20 12:28:27.867  INFO 8564 --- [main] o.apache.catalina.core.StandardService   : Stopping service [Tomcat]
2023-07-20 12:28:27.871  WARN 8564 --- [main] o.a.c.loader.WebappClassLoaderBase       : The web application [ROOT] appears to have started a thread named [HikariPool-1 housekeeper] but has failed to stop it. This is very likely to create a memory leak. Stack trace of thread:
 sun.misc.Unsafe.park(Native Method)
 java.util.concurrent.locks.LockSupport.parkNanos(LockSupport.java:215)
 java.util.concurrent.locks.AbstractQueuedSynchronizer$ConditionObject.awaitNanos(AbstractQueuedSynchronizer.java:2078)
 java.util.concurrent.ScheduledThreadPoolExecutor$DelayedWorkQueue.take(ScheduledThreadPoolExecutor.java:1093)
 java.util.concurrent.ScheduledThreadPoolExecutor$DelayedWorkQueue.take(ScheduledThreadPoolExecutor.java:809)
 java.util.concurrent.ThreadPoolExecutor.getTask(ThreadPoolExecutor.java:1074)
 java.util.concurrent.ThreadPoolExecutor.runWorker(ThreadPoolExecutor.java:1134)
 java.util.concurrent.ThreadPoolExecutor$Worker.run(ThreadPoolExecutor.java:624)
 java.lang.Thread.run(Thread.java:748)
2023-07-20 12:28:27.872  WARN 8564 --- [main] o.a.c.loader.WebappClassLoaderBase       : The web application [ROOT] appears to have started a thread named [HikariPool-1 connection adder] but has failed to stop it. This is very likely to create a memory leak. Stack trace of thread:
 sun.misc.Unsafe.park(Native Method)
 java.util.concurrent.locks.LockSupport.parkNanos(LockSupport.java:215)
 java.util.concurrent.locks.AbstractQueuedSynchronizer$ConditionObject.awaitNanos(AbstractQueuedSynchronizer.java:2078)
 java.util.concurrent.LinkedBlockingQueue.poll(LinkedBlockingQueue.java:467)
 java.util.concurrent.ThreadPoolExecutor.getTask(ThreadPoolExecutor.java:1073)
 java.util.concurrent.ThreadPoolExecutor.runWorker(ThreadPoolExecutor.java:1134)
 java.util.concurrent.ThreadPoolExecutor$Worker.run(ThreadPoolExecutor.java:624)
 java.lang.Thread.run(Thread.java:748)
2023-07-20 12:28:27.874  WARN 8564 --- [main] ConfigServletWebServerApplicationContext : Exception encountered during context initialization - cancelling refresh attempt: org.springframework.context.ApplicationContextException: Unable to start web server; nested exception is org.springframework.boot.web.server.WebServerException: Unable to start embedded Tomcat
2023-07-20 12:28:27.875  INFO 8564 --- [main] com.zaxxer.hikari.HikariDataSource       : HikariPool-1 - Shutdown initiated...
2023-07-20 12:28:27.879  INFO 8564 --- [main] com.zaxxer.hikari.HikariDataSource       : HikariPool-1 - Shutdown completed.
2023-07-20 12:28:27.887  INFO 8564 --- [main] ConditionEvaluationReportLoggingListener : 

Error starting ApplicationContext. To display the conditions report re-run your application with 'debug' enabled.
2023-07-20 12:28:27.892 ERROR 8564 --- [main] o.s.b.d.LoggingFailureAnalysisReporter   : 

***************************
APPLICATION FAILED TO START
***************************

Description:

An error occurred while bootstrapping module HepatitisModule.

Stacktrace:

org.springframework.beans.factory.UnsatisfiedDependencyException: Error creating bean with name 'hepatitisEnrollmentController' defined in file [C:\lamisplus\Hepatitis-module\target\classes\org\lamisplus\modules\hepatitis\controller\HepatitisEnrollmentController.class]: Unsatisfied dependency expressed through constructor parameter 0; nested exception is org.springframework.beans.factory.UnsatisfiedDependencyException: Error creating bean with name 'hepatitisServiceImplementation' defined in file [C:\lamisplus\Hepatitis-module\target\classes\org\lamisplus\modules\hepatitis\service\implementations\HepatitisServiceImplementation.class]: Unsatisfied dependency expressed through constructor parameter 0; nested exception is org.springframework.beans.factory.NoSuchBeanDefinitionException: No qualifying bean of type 'org.lamisplus.modules.hepatitis.repository.EnrollmentRepository' available: expected at least 1 bean which qualifies as autowire candidate. Dependency annotations: {}
	at org.springframework.beans.factory.support.ConstructorResolver.createArgumentArray(ConstructorResolver.java:797)
	at org.springframework.beans.factory.support.ConstructorResolver.autowireConstructor(ConstructorResolver.java:227)
	at org.springframework.beans.factory.support.AbstractAutowireCapableBeanFactory.autowireConstructor(AbstractAutowireCapableBeanFactory.java:1356)
	at org.springframework.beans.factory.support.AbstractAutowireCapableBeanFactory.createBeanInstance(AbstractAutowireCapableBeanFactory.java:1203)
	at org.springframework.beans.factory.support.AbstractAutowireCapableBeanFactory.doCreateBean(AbstractAutowireCapableBeanFactory.java:556)
	at com.foreach.across.core.context.AcrossListableBeanFactory.doCreateBean(AcrossListableBeanFactory.java:152)
	at org.springframework.beans.factory.support.AbstractAutowireCapableBeanFactory.createBean(AbstractAutowireCapableBeanFactory.java:516)
	at org.springframework.beans.factory.support.AbstractBeanFactory.lambda$doGetBean$0(AbstractBeanFactory.java:324)
	at org.springframework.beans.factory.support.DefaultSingletonBeanRegistry.getSingleton(DefaultSingletonBeanRegistry.java:234)
	at org.springframework.beans.factory.support.AbstractBeanFactory.doGetBean(AbstractBeanFactory.java:322)
	at com.foreach.across.core.context.AcrossListableBeanFactory.doGetBean(AcrossListableBeanFactory.java:254)
	at org.springframework.beans.factory.support.AbstractBeanFactory.getBean(AbstractBeanFactory.java:202)
	at org.springframework.beans.factory.support.DefaultListableBeanFactory.preInstantiateSingletons(DefaultListableBeanFactory.java:897)
	at org.springframework.context.support.AbstractApplicationContext.finishBeanFactoryInitialization(AbstractApplicationContext.java:879)
	at org.springframework.context.support.AbstractApplicationContext.refresh(AbstractApplicationContext.java:551)
	at com.foreach.across.core.context.bootstrap.AnnotationConfigBootstrapApplicationContextFactory.loadApplicationContext(AnnotationConfigBootstrapApplicationContextFactory.java:171)
	at com.foreach.across.core.context.bootstrap.AnnotationConfigBootstrapApplicationContextFactory.loadApplicationContext(AnnotationConfigBootstrapApplicationContextFactory.java:125)
	at com.foreach.across.core.context.bootstrap.AcrossBootstrapper.bootstrap(AcrossBootstrapper.java:226)
	at com.foreach.across.core.AcrossContext.bootstrap(AcrossContext.java:393)
	at com.foreach.across.config.AcrossContextConfiguration.acrossContext(AcrossContextConfiguration.java:113)
	at com.foreach.across.config.AcrossContextConfiguration$$EnhancerBySpringCGLIB$$3dd6b762.CGLIB$acrossContext$7(<generated>)
	at com.foreach.across.config.AcrossContextConfiguration$$EnhancerBySpringCGLIB$$3dd6b762$$FastClassBySpringCGLIB$$5542239.invoke(<generated>)
	at org.springframework.cglib.proxy.MethodProxy.invokeSuper(MethodProxy.java:244)
	at org.springframework.context.annotation.ConfigurationClassEnhancer$BeanMethodInterceptor.intercept(ConfigurationClassEnhancer.java:331)
	at com.foreach.across.config.AcrossContextConfiguration$$EnhancerBySpringCGLIB$$3dd6b762.acrossContext(<generated>)
	at sun.reflect.NativeMethodAccessorImpl.invoke0(Native Method)
	at sun.reflect.NativeMethodAccessorImpl.invoke(NativeMethodAccessorImpl.java:62)
	at sun.reflect.DelegatingMethodAccessorImpl.invoke(DelegatingMethodAccessorImpl.java:43)
	at java.lang.reflect.Method.invoke(Method.java:498)
	at org.springframework.beans.factory.support.SimpleInstantiationStrategy.instantiate(SimpleInstantiationStrategy.java:154)
	at org.springframework.beans.factory.support.ConstructorResolver.instantiate(ConstructorResolver.java:650)
	at org.springframework.beans.factory.support.ConstructorResolver.instantiateUsingFactoryMethod(ConstructorResolver.java:635)
	at org.springframework.beans.factory.support.AbstractAutowireCapableBeanFactory.instantiateUsingFactoryMethod(AbstractAutowireCapableBeanFactory.java:1336)
	at org.springframework.beans.factory.support.AbstractAutowireCapableBeanFactory.createBeanInstance(AbstractAutowireCapableBeanFactory.java:1176)
	at org.springframework.beans.factory.support.AbstractAutowireCapableBeanFactory.doCreateBean(AbstractAutowireCapableBeanFactory.java:556)
	at org.springframework.beans.factory.support.AbstractAutowireCapableBeanFactory.createBean(AbstractAutowireCapableBeanFactory.java:516)
	at org.springframework.beans.factory.support.AbstractBeanFactory.lambda$doGetBean$0(AbstractBeanFactory.java:324)
	at org.springframework.beans.factory.support.DefaultSingletonBeanRegistry.getSingleton(DefaultSingletonBeanRegistry.java:234)
	at org.springframework.beans.factory.support.AbstractBeanFactory.doGetBean(AbstractBeanFactory.java:322)
	at org.springframework.beans.factory.support.AbstractBeanFactory.getBean(AbstractBeanFactory.java:227)
	at org.springframework.beans.factory.support.DefaultListableBeanFactory.resolveNamedBean(DefaultListableBeanFactory.java:1175)
	at org.springframework.beans.factory.support.DefaultListableBeanFactory.resolveBean(DefaultListableBeanFactory.java:420)
	at org.springframework.beans.factory.support.DefaultListableBeanFactory.getBean(DefaultListableBeanFactory.java:349)
	at org.springframework.beans.factory.support.DefaultListableBeanFactory.getBean(DefaultListableBeanFactory.java:342)
	at org.springframework.context.support.AbstractApplicationContext.getBean(AbstractApplicationContext.java:1127)
	at com.foreach.across.config.AcrossServletContextInitializer.onStartup(AcrossServletContextInitializer.java:82)
	at org.springframework.boot.web.servlet.context.ServletWebServerApplicationContext.selfInitialize(ServletWebServerApplicationContext.java:230)
	at org.springframework.boot.web.embedded.tomcat.TomcatStarter.onStartup(TomcatStarter.java:53)
	at org.apache.catalina.core.StandardContext.startInternal(StandardContext.java:5166)
	at org.apache.catalina.util.LifecycleBase.start(LifecycleBase.java:183)
	at org.apache.catalina.core.ContainerBase$StartChild.call(ContainerBase.java:1384)
	at org.apache.catalina.core.ContainerBase$StartChild.call(ContainerBase.java:1374)
	at java.util.concurrent.FutureTask.run(FutureTask.java:266)
	at org.apache.tomcat.util.threads.InlineExecutorService.execute(InlineExecutorService.java:75)
	at java.util.concurrent.AbstractExecutorService.submit(AbstractExecutorService.java:134)
	at org.apache.catalina.core.ContainerBase.startInternal(ContainerBase.java:909)
	at org.apache.catalina.core.StandardHost.startInternal(StandardHost.java:843)
	at org.apache.catalina.util.LifecycleBase.start(LifecycleBase.java:183)
	at org.apache.catalina.core.ContainerBase$StartChild.call(ContainerBase.java:1384)
	at org.apache.catalina.core.ContainerBase$StartChild.call(ContainerBase.java:1374)
	at java.util.concurrent.FutureTask.run(FutureTask.java:266)
	at org.apache.tomcat.util.threads.InlineExecutorService.execute(InlineExecutorService.java:75)
	at java.util.concurrent.AbstractExecutorService.submit(AbstractExecutorService.java:134)
	at org.apache.catalina.core.ContainerBase.startInternal(ContainerBase.java:909)
	at org.apache.catalina.core.StandardEngine.startInternal(StandardEngine.java:262)
	at org.apache.catalina.util.LifecycleBase.start(LifecycleBase.java:183)
	at org.apache.catalina.core.StandardService.startInternal(StandardService.java:421)
	at org.apache.catalina.util.LifecycleBase.start(LifecycleBase.java:183)
	at org.apache.catalina.core.StandardServer.startInternal(StandardServer.java:930)
	at org.apache.catalina.util.LifecycleBase.start(LifecycleBase.java:183)
	at org.apache.catalina.startup.Tomcat.start(Tomcat.java:486)
	at org.springframework.boot.web.embedded.tomcat.TomcatWebServer.initialize(TomcatWebServer.java:123)
	at org.springframework.boot.web.embedded.tomcat.TomcatWebServer.<init>(TomcatWebServer.java:104)
	at org.springframework.boot.web.embedded.tomcat.TomcatServletWebServerFactory.getTomcatWebServer(TomcatServletWebServerFactory.java:440)
	at org.springframework.boot.web.embedded.tomcat.TomcatServletWebServerFactory.getWebServer(TomcatServletWebServerFactory.java:193)
	at org.springframework.boot.web.servlet.context.ServletWebServerApplicationContext.createWebServer(ServletWebServerApplicationContext.java:178)
	at org.springframework.boot.web.servlet.context.ServletWebServerApplicationContext.onRefresh(ServletWebServerApplicationContext.java:158)
	at org.springframework.context.support.AbstractApplicationContext.refresh(AbstractApplicationContext.java:545)
	at org.springframework.boot.web.servlet.context.ServletWebServerApplicationContext.refresh(ServletWebServerApplicationContext.java:143)
	at org.springframework.boot.SpringApplication.refresh(SpringApplication.java:758)
	at org.springframework.boot.SpringApplication.refresh(SpringApplication.java:750)
	at org.springframework.boot.SpringApplication.refreshContext(SpringApplication.java:405)
	at org.springframework.boot.SpringApplication.run(SpringApplication.java:315)
	at org.springframework.boot.SpringApplication.run(SpringApplication.java:1237)
	at org.springframework.boot.SpringApplication.run(SpringApplication.java:1226)
	at org.lamisplus.modules.hepatitis.HepatitisModule.main(HepatitisModule.java:35)
Caused by: org.springframework.beans.factory.UnsatisfiedDependencyException: Error creating bean with name 'hepatitisServiceImplementation' defined in file [C:\lamisplus\Hepatitis-module\target\classes\org\lamisplus\modules\hepatitis\service\implementations\HepatitisServiceImplementation.class]: Unsatisfied dependency expressed through constructor parameter 0; nested exception is org.springframework.beans.factory.NoSuchBeanDefinitionException: No qualifying bean of type 'org.lamisplus.modules.hepatitis.repository.EnrollmentRepository' available: expected at least 1 bean which qualifies as autowire candidate. Dependency annotations: {}
	at org.springframework.beans.factory.support.ConstructorResolver.createArgumentArray(ConstructorResolver.java:797)
	at org.springframework.beans.factory.support.ConstructorResolver.autowireConstructor(ConstructorResolver.java:227)
	at org.springframework.beans.factory.support.AbstractAutowireCapableBeanFactory.autowireConstructor(AbstractAutowireCapableBeanFactory.java:1356)
	at org.springframework.beans.factory.support.AbstractAutowireCapableBeanFactory.createBeanInstance(AbstractAutowireCapableBeanFactory.java:1203)
	at org.springframework.beans.factory.support.AbstractAutowireCapableBeanFactory.doCreateBean(AbstractAutowireCapableBeanFactory.java:556)
	at com.foreach.across.core.context.AcrossListableBeanFactory.doCreateBean(AcrossListableBeanFactory.java:152)
	at org.springframework.beans.factory.support.AbstractAutowireCapableBeanFactory.createBean(AbstractAutowireCapableBeanFactory.java:516)
	at org.springframework.beans.factory.support.AbstractBeanFactory.lambda$doGetBean$0(AbstractBeanFactory.java:324)
	at org.springframework.beans.factory.support.DefaultSingletonBeanRegistry.getSingleton(DefaultSingletonBeanRegistry.java:234)
	at org.springframework.beans.factory.support.AbstractBeanFactory.doGetBean(AbstractBeanFactory.java:322)
	at com.foreach.across.core.context.AcrossListableBeanFactory.doGetBean(AcrossListableBeanFactory.java:254)
	at org.springframework.beans.factory.support.AbstractBeanFactory.getBean(AbstractBeanFactory.java:202)
	at org.springframework.beans.factory.config.DependencyDescriptor.resolveCandidate(DependencyDescriptor.java:276)
	at org.springframework.beans.factory.support.DefaultListableBeanFactory.doResolveDependency(DefaultListableBeanFactory.java:1307)
	at com.foreach.across.core.context.AcrossListableBeanFactory.doResolveDependency(AcrossListableBeanFactory.java:236)
	at org.springframework.beans.factory.support.DefaultListableBeanFactory.resolveDependency(DefaultListableBeanFactory.java:1227)
	at org.springframework.beans.factory.support.ConstructorResolver.resolveAutowiredArgument(ConstructorResolver.java:884)
	at org.springframework.beans.factory.support.ConstructorResolver.createArgumentArray(ConstructorResolver.java:788)
	... 85 more
Caused by: org.springframework.beans.factory.NoSuchBeanDefinitionException: No qualifying bean of type 'org.lamisplus.modules.hepatitis.repository.EnrollmentRepository' available: expected at least 1 bean which qualifies as autowire candidate. Dependency annotations: {}
	at org.springframework.beans.factory.support.DefaultListableBeanFactory.raiseNoMatchingBeanFound(DefaultListableBeanFactory.java:1717)
	at org.springframework.beans.factory.support.DefaultListableBeanFactory.doResolveDependency(DefaultListableBeanFactory.java:1273)
	at com.foreach.across.core.context.AcrossListableBeanFactory.doResolveDependency(AcrossListableBeanFactory.java:236)
	at org.springframework.beans.factory.support.DefaultListableBeanFactory.resolveDependency(DefaultListableBeanFactory.java:1227)
	at org.springframework.beans.factory.support.ConstructorResolver.resolveAutowiredArgument(ConstructorResolver.java:884)
	at org.springframework.beans.factory.support.ConstructorResolver.createArgumentArray(ConstructorResolver.java:788)
	... 102 more



2023-07-20 12:37:03.313  INFO 21520 --- [main] o.l.modules.hepatitis.HepatitisModule    : Starting HepatitisModule on DESKTOP-P3FFB61 with PID 21520 (C:\lamisplus\Hepatitis-module\target\classes started by User in C:\lamisplus\Hepatitis-module)
2023-07-20 12:37:03.318  INFO 21520 --- [main] o.l.modules.hepatitis.HepatitisModule    : No active profile set, falling back to default profiles: default
2023-07-20 12:37:04.160  WARN 21520 --- [background-preinit] o.s.h.c.j.Jackson2ObjectMapperBuilder    : For Jackson Kotlin classes support please add "com.fasterxml.jackson.module:jackson-module-kotlin" to the classpath
2023-07-20 12:37:04.435  WARN 21520 --- [main] f.a.b.AcrossApplicationAutoConfiguration : 
2023-07-20 12:37:04.435  WARN 21520 --- [main] f.a.b.AcrossApplicationAutoConfiguration : --- Across AutoConfiguration Report ---
2023-07-20 12:37:04.435  WARN 21520 --- [main] f.a.b.AcrossApplicationAutoConfiguration : The following 52 auto-configuration classes have unknown Across support and were not added:
2023-07-20 12:37:04.438  WARN 21520 --- [main] f.a.b.AcrossApplicationAutoConfiguration : - org.springframework.boot.autoconfigure.task.TaskExecutionAutoConfiguration
2023-07-20 12:37:04.438  WARN 21520 --- [main] f.a.b.AcrossApplicationAutoConfiguration : - io.github.jhipster.config.JHipsterProperties
2023-07-20 12:37:04.438  WARN 21520 --- [main] f.a.b.AcrossApplicationAutoConfiguration : - io.github.jhipster.config.apidoc.SwaggerAutoConfiguration
2023-07-20 12:37:04.438  WARN 21520 --- [main] f.a.b.AcrossApplicationAutoConfiguration : - io.github.jhipster.config.apidoc.SwaggerPluginsAutoConfiguration
2023-07-20 12:37:04.439  WARN 21520 --- [main] f.a.b.AcrossApplicationAutoConfiguration : - io.github.jhipster.config.info.JHipsterInfoContributorConfiguration
2023-07-20 12:37:04.439  WARN 21520 --- [main] f.a.b.AcrossApplicationAutoConfiguration : - io.github.jhipster.config.metric.JHipsterLoggingMetricsExportConfiguration
2023-07-20 12:37:04.439  WARN 21520 --- [main] f.a.b.AcrossApplicationAutoConfiguration : - io.github.jhipster.config.metric.JHipsterMetricsEndpointConfiguration
2023-07-20 12:37:04.439  WARN 21520 --- [main] f.a.b.AcrossApplicationAutoConfiguration : - io.github.jhipster.security.ssl.UndertowSSLConfiguration
2023-07-20 12:37:04.439  WARN 21520 --- [main] f.a.b.AcrossApplicationAutoConfiguration : - io.github.jhipster.security.uaa.UaaAutoConfiguration
2023-07-20 12:37:04.439  WARN 21520 --- [main] f.a.b.AcrossApplicationAutoConfiguration : - io.github.resilience4j.bulkhead.autoconfigure.BulkheadAutoConfiguration
2023-07-20 12:37:04.440  WARN 21520 --- [main] f.a.b.AcrossApplicationAutoConfiguration : - io.github.resilience4j.bulkhead.autoconfigure.BulkheadMetricsAutoConfiguration
2023-07-20 12:37:04.440  WARN 21520 --- [main] f.a.b.AcrossApplicationAutoConfiguration : - io.github.resilience4j.bulkhead.autoconfigure.ThreadPoolBulkheadMetricsAutoConfiguration
2023-07-20 12:37:04.440  WARN 21520 --- [main] f.a.b.AcrossApplicationAutoConfiguration : - io.github.resilience4j.circuitbreaker.autoconfigure.CircuitBreakerAutoConfiguration
2023-07-20 12:37:04.440  WARN 21520 --- [main] f.a.b.AcrossApplicationAutoConfiguration : - io.github.resilience4j.circuitbreaker.autoconfigure.CircuitBreakerMetricsAutoConfiguration
2023-07-20 12:37:04.441  WARN 21520 --- [main] f.a.b.AcrossApplicationAutoConfiguration : - io.github.resilience4j.circuitbreaker.autoconfigure.CircuitBreakersHealthIndicatorAutoConfiguration
2023-07-20 12:37:04.441  WARN 21520 --- [main] f.a.b.AcrossApplicationAutoConfiguration : - io.github.resilience4j.ratelimiter.autoconfigure.RateLimiterAutoConfiguration
2023-07-20 12:37:04.441  WARN 21520 --- [main] f.a.b.AcrossApplicationAutoConfiguration : - io.github.resilience4j.ratelimiter.autoconfigure.RateLimiterMetricsAutoConfiguration
2023-07-20 12:37:04.441  WARN 21520 --- [main] f.a.b.AcrossApplicationAutoConfiguration : - io.github.resilience4j.ratelimiter.autoconfigure.RateLimitersHealthIndicatorAutoConfiguration
2023-07-20 12:37:04.441  WARN 21520 --- [main] f.a.b.AcrossApplicationAutoConfiguration : - io.github.resilience4j.retry.autoconfigure.RetryAutoConfiguration
2023-07-20 12:37:04.441  WARN 21520 --- [main] f.a.b.AcrossApplicationAutoConfiguration : - io.github.resilience4j.retry.autoconfigure.RetryMetricsAutoConfiguration
2023-07-20 12:37:04.441  WARN 21520 --- [main] f.a.b.AcrossApplicationAutoConfiguration : - io.github.resilience4j.scheduled.threadpool.autoconfigure.ContextAwareScheduledThreadPoolAutoConfiguration
2023-07-20 12:37:04.442  WARN 21520 --- [main] f.a.b.AcrossApplicationAutoConfiguration : - io.github.resilience4j.timelimiter.autoconfigure.TimeLimiterAutoConfiguration
2023-07-20 12:37:04.442  WARN 21520 --- [main] f.a.b.AcrossApplicationAutoConfiguration : - io.github.resilience4j.timelimiter.autoconfigure.TimeLimiterMetricsAutoConfiguration
2023-07-20 12:37:04.442  WARN 21520 --- [main] f.a.b.AcrossApplicationAutoConfiguration : - org.springframework.boot.actuate.autoconfigure.availability.AvailabilityHealthContributorAutoConfiguration
2023-07-20 12:37:04.442  WARN 21520 --- [main] f.a.b.AcrossApplicationAutoConfiguration : - org.springframework.boot.actuate.autoconfigure.availability.AvailabilityProbesAutoConfiguration
2023-07-20 12:37:04.442  WARN 21520 --- [main] f.a.b.AcrossApplicationAutoConfiguration : - org.springframework.boot.autoconfigure.cache.CacheAutoConfiguration
2023-07-20 12:37:04.443  WARN 21520 --- [main] f.a.b.AcrossApplicationAutoConfiguration : - org.springframework.cloud.stream.config.BindingServiceConfiguration
2023-07-20 12:37:04.443  WARN 21520 --- [main] f.a.b.AcrossApplicationAutoConfiguration : - org.springframework.cloud.stream.config.BindersHealthIndicatorAutoConfiguration
2023-07-20 12:37:04.443  WARN 21520 --- [main] f.a.b.AcrossApplicationAutoConfiguration : - org.springframework.boot.actuate.autoconfigure.health.HealthContributorAutoConfiguration
2023-07-20 12:37:04.444  WARN 21520 --- [main] f.a.b.AcrossApplicationAutoConfiguration : - org.springframework.boot.autoconfigure.integration.IntegrationAutoConfiguration
2023-07-20 12:37:04.444  WARN 21520 --- [main] f.a.b.AcrossApplicationAutoConfiguration : - org.springframework.boot.actuate.autoconfigure.integration.IntegrationGraphEndpointAutoConfiguration
2023-07-20 12:37:04.444  WARN 21520 --- [main] f.a.b.AcrossApplicationAutoConfiguration : - org.springframework.boot.actuate.autoconfigure.jdbc.DataSourceHealthContributorAutoConfiguration
2023-07-20 12:37:04.444  WARN 21520 --- [main] f.a.b.AcrossApplicationAutoConfiguration : - org.springframework.boot.actuate.autoconfigure.mail.MailHealthContributorAutoConfiguration
2023-07-20 12:37:04.444  WARN 21520 --- [main] f.a.b.AcrossApplicationAutoConfiguration : - org.springframework.boot.actuate.autoconfigure.metrics.KafkaMetricsAutoConfiguration
2023-07-20 12:37:04.445  WARN 21520 --- [main] f.a.b.AcrossApplicationAutoConfiguration : - org.springframework.boot.actuate.autoconfigure.metrics.web.client.HttpClientMetricsAutoConfiguration
2023-07-20 12:37:04.445  WARN 21520 --- [main] f.a.b.AcrossApplicationAutoConfiguration : - org.springframework.boot.actuate.autoconfigure.security.servlet.ManagementWebSecurityAutoConfiguration
2023-07-20 12:37:04.445  WARN 21520 --- [main] f.a.b.AcrossApplicationAutoConfiguration : - org.springframework.boot.autoconfigure.context.LifecycleAutoConfiguration
2023-07-20 12:37:04.445  WARN 21520 --- [main] f.a.b.AcrossApplicationAutoConfiguration : - org.springframework.boot.autoconfigure.jooq.JooqAutoConfiguration
2023-07-20 12:37:04.446  WARN 21520 --- [main] f.a.b.AcrossApplicationAutoConfiguration : - org.springframework.boot.autoconfigure.kafka.KafkaAutoConfiguration
2023-07-20 12:37:04.446  WARN 21520 --- [main] f.a.b.AcrossApplicationAutoConfiguration : - org.springframework.boot.autoconfigure.quartz.QuartzAutoConfiguration
2023-07-20 12:37:04.446  WARN 21520 --- [main] f.a.b.AcrossApplicationAutoConfiguration : - org.springframework.boot.autoconfigure.security.reactive.ReactiveUserDetailsServiceAutoConfiguration
2023-07-20 12:37:04.446  WARN 21520 --- [main] f.a.b.AcrossApplicationAutoConfiguration : - org.springframework.boot.autoconfigure.security.servlet.SecurityAutoConfiguration
2023-07-20 12:37:04.446  WARN 21520 --- [main] f.a.b.AcrossApplicationAutoConfiguration : - org.springframework.boot.autoconfigure.security.servlet.SecurityFilterAutoConfiguration
2023-07-20 12:37:04.446  WARN 21520 --- [main] f.a.b.AcrossApplicationAutoConfiguration : - org.springframework.boot.autoconfigure.security.servlet.UserDetailsServiceAutoConfiguration
2023-07-20 12:37:04.447  WARN 21520 --- [main] f.a.b.AcrossApplicationAutoConfiguration : - org.springframework.boot.autoconfigure.task.TaskSchedulingAutoConfiguration
2023-07-20 12:37:04.447  WARN 21520 --- [main] f.a.b.AcrossApplicationAutoConfiguration : - org.springframework.cloud.function.context.config.ContextFunctionCatalogAutoConfiguration
2023-07-20 12:37:04.447  WARN 21520 --- [main] f.a.b.AcrossApplicationAutoConfiguration : - org.springframework.cloud.stream.binder.kafka.config.ExtendedBindingHandlerMappingsProviderConfiguration
2023-07-20 12:37:04.447  WARN 21520 --- [main] f.a.b.AcrossApplicationAutoConfiguration : - org.springframework.cloud.stream.config.BindingsEndpointAutoConfiguration
2023-07-20 12:37:04.447  WARN 21520 --- [main] f.a.b.AcrossApplicationAutoConfiguration : - org.springframework.cloud.stream.config.ChannelBindingAutoConfiguration
2023-07-20 12:37:04.447  WARN 21520 --- [main] f.a.b.AcrossApplicationAutoConfiguration : - org.springframework.cloud.stream.config.ChannelsEndpointAutoConfiguration
2023-07-20 12:37:04.448  WARN 21520 --- [main] f.a.b.AcrossApplicationAutoConfiguration : - org.springframework.cloud.stream.function.FunctionConfiguration
2023-07-20 12:37:04.448  WARN 21520 --- [main] f.a.b.AcrossApplicationAutoConfiguration : - org.springframework.cloud.stream.schema.avro.AvroMessageConverterAutoConfiguration
2023-07-20 12:37:04.448  WARN 21520 --- [main] f.a.b.AcrossApplicationAutoConfiguration : Consider adding them to a META-INF/across.configuration.
2023-07-20 12:37:04.448  WARN 21520 --- [main] f.a.b.AcrossApplicationAutoConfiguration : --- End Across AutoConfiguration Report ---
2023-07-20 12:37:04.448  WARN 21520 --- [main] f.a.b.AcrossApplicationAutoConfiguration : 
2023-07-20 12:37:04.735  INFO 21520 --- [main] .a.c.ApplicationAutoConfigurationPackage : Disabling @AutoConfigurationPackage on the root package - Across applications support only the application module
2023-07-20 12:37:04.752  WARN 21520 --- [main] o.s.b.a.AutoConfigurationPackages        : @EnableAutoConfiguration was declared on a class in the default package. Automatic @Repository and @Entity scanning is not enabled.
2023-07-20 12:37:05.393  INFO 21520 --- [main] o.s.b.w.embedded.tomcat.TomcatWebServer  : Tomcat initialized with port(s): 8088 (http)
2023-07-20 12:37:05.406  INFO 21520 --- [main] o.apache.catalina.core.StandardService   : Starting service [Tomcat]
2023-07-20 12:37:05.406  INFO 21520 --- [main] org.apache.catalina.core.StandardEngine  : Starting Servlet engine: [Apache Tomcat/9.0.39]
2023-07-20 12:37:05.474  INFO 21520 --- [main] o.a.c.c.C.[Tomcat].[localhost].[/]       : Initializing Spring embedded WebApplicationContext
2023-07-20 12:37:05.475  INFO 21520 --- [main] w.s.c.ServletWebServerApplicationContext : Root WebApplicationContext: initialization completed in 2102 ms
2023-07-20 12:37:05.556  INFO 21520 --- [main] c.f.a.config.AcrossContextConfiguration  : Single datasource bean found - registering it as the AcrossContext datasource.
2023-07-20 12:37:05.786  INFO 21520 --- [main] c.f.a.c.AcrossDynamicModulesConfigurer   : Adding package based APPLICATION module HepatitisModuleApplicationModule, resources: hepatitisModule, base package: org.lamisplus.modules.hepatitis.application
2023-07-20 12:37:05.815  INFO 21520 --- [main] c.f.a.c.c.bootstrap.AcrossBootstrapper   : ---
2023-07-20 12:37:05.815  INFO 21520 --- [main] c.f.a.c.c.bootstrap.AcrossBootstrapper   : AcrossContext: HepatitisModule (AcrossContext-1)
2023-07-20 12:37:05.815  INFO 21520 --- [main] c.f.a.c.c.bootstrap.AcrossBootstrapper   : Bootstrapping 6 modules in the following order:
2023-07-20 12:37:05.816  INFO 21520 --- [main] c.f.a.c.c.bootstrap.AcrossBootstrapper   : 1 - AcrossContextInfrastructureModule 5.1.0.RELEASE [resources: AcrossContextInfrastructureModule]
2023-07-20 12:37:05.816  INFO 21520 --- [main] c.f.a.c.c.bootstrap.AcrossBootstrapper   : 2 - AcrossHibernateJpaModule 4.1.0.RELEASE [resources: AcrossHibernateJpaModule]
2023-07-20 12:37:05.816  INFO 21520 --- [main] c.f.a.c.c.bootstrap.AcrossBootstrapper   : 3 - AcrossWebModule 5.1.0.RELEASE [resources: ]
2023-07-20 12:37:05.816  INFO 21520 --- [main] c.f.a.c.c.bootstrap.AcrossBootstrapper   : 4 - HepatitisModule NO_VERSION [resources: HepatitisModule]
2023-07-20 12:37:05.816  INFO 21520 --- [main] c.f.a.c.c.bootstrap.AcrossBootstrapper   : 5 - HepatitisModuleApplicationModule dynamic-module [resources: hepatitisModule]
2023-07-20 12:37:05.816  INFO 21520 --- [main] c.f.a.c.c.bootstrap.AcrossBootstrapper   : 6 - AcrossContextPostProcessorModule 5.1.0.RELEASE [resources: AcrossContextPostProcessorModule]
2023-07-20 12:37:05.816  INFO 21520 --- [main] c.f.a.c.c.bootstrap.AcrossBootstrapper   : ---
2023-07-20 12:37:05.954  INFO 21520 --- [main] c.f.across.core.config.AcrossConfig      : Creating a default ConversionService as no valid bean 'conversionService' is present
2023-07-20 12:37:06.185  INFO 21520 --- [main] com.zaxxer.hikari.HikariDataSource       : HikariPool-1 - Starting...
2023-07-20 12:37:06.689  INFO 21520 --- [main] com.zaxxer.hikari.HikariDataSource       : HikariPool-1 - Start completed.
2023-07-20 12:37:06.745  INFO 21520 --- [main] c.f.a.c.c.bootstrap.AcrossBootstrapper   : 
2023-07-20 12:37:06.745  INFO 21520 --- [main] c.f.a.c.c.bootstrap.AcrossBootstrapper   : --- Starting module bootstrap
2023-07-20 12:37:06.749  INFO 21520 --- [main] c.f.a.c.c.bootstrap.AcrossBootstrapper   : 
2023-07-20 12:37:06.749  INFO 21520 --- [main] c.f.a.c.c.bootstrap.AcrossBootstrapper   :  1 - AcrossContextInfrastructureModule 5.1.0.RELEASE [resources: AcrossContextInfrastructureModule]
2023-07-20 12:37:06.749  INFO 21520 --- [main] c.f.a.c.c.bootstrap.AcrossBootstrapper   :      class com.foreach.across.core.AcrossContextConfigurationModule
2023-07-20 12:37:06.749  INFO 21520 --- [main] c.f.a.c.c.bootstrap.AcrossBootstrapper   : 
2023-07-20 12:37:06.752  INFO 21520 --- [main] c.f.a.c.c.bootstrap.AcrossBootstrapper   :      Nothing to be done - skipping module bootstrap
2023-07-20 12:37:06.752  INFO 21520 --- [main] c.f.a.c.c.bootstrap.AcrossBootstrapper   : 
2023-07-20 12:37:06.752  INFO 21520 --- [main] c.f.a.c.c.bootstrap.AcrossBootstrapper   :  2 - AcrossHibernateJpaModule 4.1.0.RELEASE [resources: AcrossHibernateJpaModule]
2023-07-20 12:37:06.753  INFO 21520 --- [main] c.f.a.c.c.bootstrap.AcrossBootstrapper   :      class com.foreach.across.modules.hibernate.jpa.AcrossHibernateJpaModule
2023-07-20 12:37:06.753  INFO 21520 --- [main] c.f.a.c.c.bootstrap.AcrossBootstrapper   : 
2023-07-20 12:37:06.987  INFO 21520 --- [main] c.f.a.c.d.AcrossDevelopmentMode          : Across development mode active: false
2023-07-20 12:37:07.116  INFO 21520 --- [main] c.f.a.m.h.j.c.HibernateJpaConfiguration  : Resolving datasource bean acrossDataSource for the EntityManagerFactory
2023-07-20 12:37:07.216  INFO 21520 --- [main] o.hibernate.jpa.internal.util.LogHelper  : HHH000204: Processing PersistenceUnitInfo [
	name: AcrossHibernateJpaModule
	...]
2023-07-20 12:37:07.376  INFO 21520 --- [main] org.hibernate.Version                    : HHH000412: Hibernate Core {5.4.0.Final}
2023-07-20 12:37:07.380  INFO 21520 --- [main] org.hibernate.cfg.Environment            : HHH000206: hibernate.properties not found
2023-07-20 12:37:07.689  INFO 21520 --- [main] o.hibernate.annotations.common.Version   : HCANN000001: Hibernate Commons Annotations {5.1.0.Final}
2023-07-20 12:37:07.892  INFO 21520 --- [main] org.hibernate.dialect.Dialect            : HHH000400: Using dialect: org.hibernate.dialect.PostgreSQL95Dialect
2023-07-20 12:37:08.028  INFO 21520 --- [main] org.hibernate.type.BasicTypeRegistry     : HHH000270: Type registration [java.util.UUID] overrides previous : org.hibernate.type.UUIDBinaryType@3c7db0e8
2023-07-20 12:37:08.315  WARN 21520 --- [main] Hypersistence Optimizer                  : You should use Hypersistence Optimizer to speed up your Hibernate application!
2023-07-20 12:37:08.315  WARN 21520 --- [main] Hypersistence Optimizer                  : For more details, go to https://vladmihalcea.com/hypersistence-optimizer/
2023-07-20 12:37:08.316  INFO 21520 --- [main] Hypersistence Optimizer                  : 
 _    _                           _     _
| |  | |                         (_)   | |
| |__| |_   _ _ __   ___ _ __ ___ _ ___| |_ ___ _ __   ___ ___
|  __  | | | | '_ \ / _ \ '__/ __| / __| __/ _ \ '_ \ / __/ _ \
| |  | | |_| | |_) |  __/ |  \__ \ \__ \ ||  __/ | | | (_|  __/
|_|  |_|\__, | .__/ \___|_|  |___/_|___/\__\___|_| |_|\___\___|
         __/ | |
        |___/|_|

           ____        _   _           _
          / __ \      | | (_)         (_)
         | |  | |_ __ | |_ _ _ __ ___  _ _______ _ __
         | |  | | '_ \| __| | '_ ` _ \| |_  / _ \ '__|
         | |__| | |_) | |_| | | | | | | |/ /  __/ |
          \____/| .__/ \__|_|_| |_| |_|_/___\___|_|
                | |
                |_|

2023-07-20 12:37:09.609  INFO 21520 --- [main] o.h.e.t.j.p.i.JtaPlatformInitiator       : HHH000490: Using JtaPlatform implementation: [org.hibernate.engine.transaction.jta.platform.internal.NoJtaPlatform]
2023-07-20 12:37:09.613  INFO 21520 --- [main] j.LocalContainerEntityManagerFactoryBean : Initialized JPA EntityManagerFactory for persistence unit 'AcrossHibernateJpaModule'
2023-07-20 12:37:09.673  INFO 21520 --- [main] c.f.a.c.c.bootstrap.AcrossBootstrapper   : 
2023-07-20 12:37:09.673  INFO 21520 --- [main] c.f.a.c.c.bootstrap.AcrossBootstrapper   :  3 - AcrossWebModule 5.1.0.RELEASE [resources: ]
2023-07-20 12:37:09.673  INFO 21520 --- [main] c.f.a.c.c.bootstrap.AcrossBootstrapper   :      class com.foreach.across.modules.web.AcrossWebModule
2023-07-20 12:37:09.673  INFO 21520 --- [main] c.f.a.c.c.bootstrap.AcrossBootstrapper   : 
2023-07-20 12:37:09.919  INFO 21520 --- [main] f.a.m.w.c.ConversionServiceConfiguration : Using the default ConversionService as mvcConversionService
2023-07-20 12:37:10.238  INFO 21520 --- [main] c.f.a.c.c.bootstrap.AcrossBootstrapper   : 
2023-07-20 12:37:10.238  INFO 21520 --- [main] c.f.a.c.c.bootstrap.AcrossBootstrapper   :  4 - HepatitisModule NO_VERSION [resources: HepatitisModule]
2023-07-20 12:37:10.238  INFO 21520 --- [main] c.f.a.c.c.bootstrap.AcrossBootstrapper   :      class org.lamisplus.modules.hepatitis.HepatitisModule$$EnhancerBySpringCGLIB$$f9a30bfe
2023-07-20 12:37:10.239  INFO 21520 --- [main] c.f.a.c.c.bootstrap.AcrossBootstrapper   : 
2023-07-20 12:37:10.289  INFO 21520 --- [main] .s.d.r.c.RepositoryConfigurationDelegate : Bootstrapping Spring Data JPA repositories in DEFAULT mode.
2023-07-20 12:37:10.306  INFO 21520 --- [main] .s.d.r.c.RepositoryConfigurationDelegate : Finished Spring Data repository scanning in 7ms. Found 0 JPA repository interfaces.
2023-07-20 12:37:10.337  WARN 21520 --- [main] c.f.a.c.c.w.AcrossWebApplicationContext  : Exception encountered during context initialization - cancelling refresh attempt: org.springframework.beans.factory.UnsatisfiedDependencyException: Error creating bean with name 'hepatitisEnrollmentController' defined in file [C:\lamisplus\Hepatitis-module\target\classes\org\lamisplus\modules\hepatitis\controller\HepatitisEnrollmentController.class]: Unsatisfied dependency expressed through constructor parameter 0; nested exception is org.springframework.beans.factory.UnsatisfiedDependencyException: Error creating bean with name 'hepatitisServiceImplementation' defined in file [C:\lamisplus\Hepatitis-module\target\classes\org\lamisplus\modules\hepatitis\service\implementations\HepatitisServiceImplementation.class]: Unsatisfied dependency expressed through constructor parameter 0; nested exception is org.springframework.beans.factory.NoSuchBeanDefinitionException: No qualifying bean of type 'org.lamisplus.modules.hepatitis.repository.EnrollmentRepository' available: expected at least 1 bean which qualifies as autowire candidate. Dependency annotations: {}
2023-07-20 12:37:10.340 ERROR 21520 --- [main] o.s.b.web.embedded.tomcat.TomcatStarter  : Error starting Tomcat context. Exception: org.springframework.beans.factory.BeanCreationException. Message: Error creating bean with name 'acrossContext' defined in com.foreach.across.config.AcrossContextConfiguration: Bean instantiation via factory method failed; nested exception is org.springframework.beans.BeanInstantiationException: Failed to instantiate [com.foreach.across.core.AcrossContext]: Factory method 'acrossContext' threw exception; nested exception is com.foreach.across.core.context.bootstrap.AcrossBootstrapException: Across module bootstrap failed: HepatitisModule
2023-07-20 12:37:10.360  INFO 21520 --- [main] o.apache.catalina.core.StandardService   : Stopping service [Tomcat]
2023-07-20 12:37:10.362  WARN 21520 --- [main] o.a.c.loader.WebappClassLoaderBase       : The web application [ROOT] appears to have started a thread named [HikariPool-1 housekeeper] but has failed to stop it. This is very likely to create a memory leak. Stack trace of thread:
 sun.misc.Unsafe.park(Native Method)
 java.util.concurrent.locks.LockSupport.parkNanos(LockSupport.java:215)
 java.util.concurrent.locks.AbstractQueuedSynchronizer$ConditionObject.awaitNanos(AbstractQueuedSynchronizer.java:2078)
 java.util.concurrent.ScheduledThreadPoolExecutor$DelayedWorkQueue.take(ScheduledThreadPoolExecutor.java:1093)
 java.util.concurrent.ScheduledThreadPoolExecutor$DelayedWorkQueue.take(ScheduledThreadPoolExecutor.java:809)
 java.util.concurrent.ThreadPoolExecutor.getTask(ThreadPoolExecutor.java:1074)
 java.util.concurrent.ThreadPoolExecutor.runWorker(ThreadPoolExecutor.java:1134)
 java.util.concurrent.ThreadPoolExecutor$Worker.run(ThreadPoolExecutor.java:624)
 java.lang.Thread.run(Thread.java:748)
2023-07-20 12:37:10.364  WARN 21520 --- [main] o.a.c.loader.WebappClassLoaderBase       : The web application [ROOT] appears to have started a thread named [HikariPool-1 connection adder] but has failed to stop it. This is very likely to create a memory leak. Stack trace of thread:
 sun.misc.Unsafe.park(Native Method)
 java.util.concurrent.locks.LockSupport.parkNanos(LockSupport.java:215)
 java.util.concurrent.locks.AbstractQueuedSynchronizer$ConditionObject.awaitNanos(AbstractQueuedSynchronizer.java:2078)
 java.util.concurrent.LinkedBlockingQueue.poll(LinkedBlockingQueue.java:467)
 java.util.concurrent.ThreadPoolExecutor.getTask(ThreadPoolExecutor.java:1073)
 java.util.concurrent.ThreadPoolExecutor.runWorker(ThreadPoolExecutor.java:1134)
 java.util.concurrent.ThreadPoolExecutor$Worker.run(ThreadPoolExecutor.java:624)
 java.lang.Thread.run(Thread.java:748)
2023-07-20 12:37:10.366  WARN 21520 --- [main] ConfigServletWebServerApplicationContext : Exception encountered during context initialization - cancelling refresh attempt: org.springframework.context.ApplicationContextException: Unable to start web server; nested exception is org.springframework.boot.web.server.WebServerException: Unable to start embedded Tomcat
2023-07-20 12:37:10.366  INFO 21520 --- [main] com.zaxxer.hikari.HikariDataSource       : HikariPool-1 - Shutdown initiated...
2023-07-20 12:37:10.371  INFO 21520 --- [main] com.zaxxer.hikari.HikariDataSource       : HikariPool-1 - Shutdown completed.
2023-07-20 12:37:10.381  INFO 21520 --- [main] ConditionEvaluationReportLoggingListener : 

Error starting ApplicationContext. To display the conditions report re-run your application with 'debug' enabled.
2023-07-20 12:37:10.387 ERROR 21520 --- [main] o.s.b.d.LoggingFailureAnalysisReporter   : 

***************************
APPLICATION FAILED TO START
***************************

Description:

An error occurred while bootstrapping module HepatitisModule.

Stacktrace:

org.springframework.beans.factory.UnsatisfiedDependencyException: Error creating bean with name 'hepatitisEnrollmentController' defined in file [C:\lamisplus\Hepatitis-module\target\classes\org\lamisplus\modules\hepatitis\controller\HepatitisEnrollmentController.class]: Unsatisfied dependency expressed through constructor parameter 0; nested exception is org.springframework.beans.factory.UnsatisfiedDependencyException: Error creating bean with name 'hepatitisServiceImplementation' defined in file [C:\lamisplus\Hepatitis-module\target\classes\org\lamisplus\modules\hepatitis\service\implementations\HepatitisServiceImplementation.class]: Unsatisfied dependency expressed through constructor parameter 0; nested exception is org.springframework.beans.factory.NoSuchBeanDefinitionException: No qualifying bean of type 'org.lamisplus.modules.hepatitis.repository.EnrollmentRepository' available: expected at least 1 bean which qualifies as autowire candidate. Dependency annotations: {}
	at org.springframework.beans.factory.support.ConstructorResolver.createArgumentArray(ConstructorResolver.java:797)
	at org.springframework.beans.factory.support.ConstructorResolver.autowireConstructor(ConstructorResolver.java:227)
	at org.springframework.beans.factory.support.AbstractAutowireCapableBeanFactory.autowireConstructor(AbstractAutowireCapableBeanFactory.java:1356)
	at org.springframework.beans.factory.support.AbstractAutowireCapableBeanFactory.createBeanInstance(AbstractAutowireCapableBeanFactory.java:1203)
	at org.springframework.beans.factory.support.AbstractAutowireCapableBeanFactory.doCreateBean(AbstractAutowireCapableBeanFactory.java:556)
	at com.foreach.across.core.context.AcrossListableBeanFactory.doCreateBean(AcrossListableBeanFactory.java:152)
	at org.springframework.beans.factory.support.AbstractAutowireCapableBeanFactory.createBean(AbstractAutowireCapableBeanFactory.java:516)
	at org.springframework.beans.factory.support.AbstractBeanFactory.lambda$doGetBean$0(AbstractBeanFactory.java:324)
	at org.springframework.beans.factory.support.DefaultSingletonBeanRegistry.getSingleton(DefaultSingletonBeanRegistry.java:234)
	at org.springframework.beans.factory.support.AbstractBeanFactory.doGetBean(AbstractBeanFactory.java:322)
	at com.foreach.across.core.context.AcrossListableBeanFactory.doGetBean(AcrossListableBeanFactory.java:254)
	at org.springframework.beans.factory.support.AbstractBeanFactory.getBean(AbstractBeanFactory.java:202)
	at org.springframework.beans.factory.support.DefaultListableBeanFactory.preInstantiateSingletons(DefaultListableBeanFactory.java:897)
	at org.springframework.context.support.AbstractApplicationContext.finishBeanFactoryInitialization(AbstractApplicationContext.java:879)
	at org.springframework.context.support.AbstractApplicationContext.refresh(AbstractApplicationContext.java:551)
	at com.foreach.across.core.context.bootstrap.AnnotationConfigBootstrapApplicationContextFactory.loadApplicationContext(AnnotationConfigBootstrapApplicationContextFactory.java:171)
	at com.foreach.across.core.context.bootstrap.AnnotationConfigBootstrapApplicationContextFactory.loadApplicationContext(AnnotationConfigBootstrapApplicationContextFactory.java:125)
	at com.foreach.across.core.context.bootstrap.AcrossBootstrapper.bootstrap(AcrossBootstrapper.java:226)
	at com.foreach.across.core.AcrossContext.bootstrap(AcrossContext.java:393)
	at com.foreach.across.config.AcrossContextConfiguration.acrossContext(AcrossContextConfiguration.java:113)
	at com.foreach.across.config.AcrossContextConfiguration$$EnhancerBySpringCGLIB$$830913e1.CGLIB$acrossContext$3(<generated>)
	at com.foreach.across.config.AcrossContextConfiguration$$EnhancerBySpringCGLIB$$830913e1$$FastClassBySpringCGLIB$$9400a1d7.invoke(<generated>)
	at org.springframework.cglib.proxy.MethodProxy.invokeSuper(MethodProxy.java:244)
	at org.springframework.context.annotation.ConfigurationClassEnhancer$BeanMethodInterceptor.intercept(ConfigurationClassEnhancer.java:331)
	at com.foreach.across.config.AcrossContextConfiguration$$EnhancerBySpringCGLIB$$830913e1.acrossContext(<generated>)
	at sun.reflect.NativeMethodAccessorImpl.invoke0(Native Method)
	at sun.reflect.NativeMethodAccessorImpl.invoke(NativeMethodAccessorImpl.java:62)
	at sun.reflect.DelegatingMethodAccessorImpl.invoke(DelegatingMethodAccessorImpl.java:43)
	at java.lang.reflect.Method.invoke(Method.java:498)
	at org.springframework.beans.factory.support.SimpleInstantiationStrategy.instantiate(SimpleInstantiationStrategy.java:154)
	at org.springframework.beans.factory.support.ConstructorResolver.instantiate(ConstructorResolver.java:650)
	at org.springframework.beans.factory.support.ConstructorResolver.instantiateUsingFactoryMethod(ConstructorResolver.java:635)
	at org.springframework.beans.factory.support.AbstractAutowireCapableBeanFactory.instantiateUsingFactoryMethod(AbstractAutowireCapableBeanFactory.java:1336)
	at org.springframework.beans.factory.support.AbstractAutowireCapableBeanFactory.createBeanInstance(AbstractAutowireCapableBeanFactory.java:1176)
	at org.springframework.beans.factory.support.AbstractAutowireCapableBeanFactory.doCreateBean(AbstractAutowireCapableBeanFactory.java:556)
	at org.springframework.beans.factory.support.AbstractAutowireCapableBeanFactory.createBean(AbstractAutowireCapableBeanFactory.java:516)
	at org.springframework.beans.factory.support.AbstractBeanFactory.lambda$doGetBean$0(AbstractBeanFactory.java:324)
	at org.springframework.beans.factory.support.DefaultSingletonBeanRegistry.getSingleton(DefaultSingletonBeanRegistry.java:234)
	at org.springframework.beans.factory.support.AbstractBeanFactory.doGetBean(AbstractBeanFactory.java:322)
	at org.springframework.beans.factory.support.AbstractBeanFactory.getBean(AbstractBeanFactory.java:227)
	at org.springframework.beans.factory.support.DefaultListableBeanFactory.resolveNamedBean(DefaultListableBeanFactory.java:1175)
	at org.springframework.beans.factory.support.DefaultListableBeanFactory.resolveBean(DefaultListableBeanFactory.java:420)
	at org.springframework.beans.factory.support.DefaultListableBeanFactory.getBean(DefaultListableBeanFactory.java:349)
	at org.springframework.beans.factory.support.DefaultListableBeanFactory.getBean(DefaultListableBeanFactory.java:342)
	at org.springframework.context.support.AbstractApplicationContext.getBean(AbstractApplicationContext.java:1127)
	at com.foreach.across.config.AcrossServletContextInitializer.onStartup(AcrossServletContextInitializer.java:82)
	at org.springframework.boot.web.servlet.context.ServletWebServerApplicationContext.selfInitialize(ServletWebServerApplicationContext.java:230)
	at org.springframework.boot.web.embedded.tomcat.TomcatStarter.onStartup(TomcatStarter.java:53)
	at org.apache.catalina.core.StandardContext.startInternal(StandardContext.java:5166)
	at org.apache.catalina.util.LifecycleBase.start(LifecycleBase.java:183)
	at org.apache.catalina.core.ContainerBase$StartChild.call(ContainerBase.java:1384)
	at org.apache.catalina.core.ContainerBase$StartChild.call(ContainerBase.java:1374)
	at java.util.concurrent.FutureTask.run$$$capture(FutureTask.java:266)
	at java.util.concurrent.FutureTask.run(FutureTask.java)
	at org.apache.tomcat.util.threads.InlineExecutorService.execute(InlineExecutorService.java:75)
	at java.util.concurrent.AbstractExecutorService.submit(AbstractExecutorService.java:134)
	at org.apache.catalina.core.ContainerBase.startInternal(ContainerBase.java:909)
	at org.apache.catalina.core.StandardHost.startInternal(StandardHost.java:843)
	at org.apache.catalina.util.LifecycleBase.start(LifecycleBase.java:183)
	at org.apache.catalina.core.ContainerBase$StartChild.call(ContainerBase.java:1384)
	at org.apache.catalina.core.ContainerBase$StartChild.call(ContainerBase.java:1374)
	at java.util.concurrent.FutureTask.run$$$capture(FutureTask.java:266)
	at java.util.concurrent.FutureTask.run(FutureTask.java)
	at org.apache.tomcat.util.threads.InlineExecutorService.execute(InlineExecutorService.java:75)
	at java.util.concurrent.AbstractExecutorService.submit(AbstractExecutorService.java:134)
	at org.apache.catalina.core.ContainerBase.startInternal(ContainerBase.java:909)
	at org.apache.catalina.core.StandardEngine.startInternal(StandardEngine.java:262)
	at org.apache.catalina.util.LifecycleBase.start(LifecycleBase.java:183)
	at org.apache.catalina.core.StandardService.startInternal(StandardService.java:421)
	at org.apache.catalina.util.LifecycleBase.start(LifecycleBase.java:183)
	at org.apache.catalina.core.StandardServer.startInternal(StandardServer.java:930)
	at org.apache.catalina.util.LifecycleBase.start(LifecycleBase.java:183)
	at org.apache.catalina.startup.Tomcat.start(Tomcat.java:486)
	at org.springframework.boot.web.embedded.tomcat.TomcatWebServer.initialize(TomcatWebServer.java:123)
	at org.springframework.boot.web.embedded.tomcat.TomcatWebServer.<init>(TomcatWebServer.java:104)
	at org.springframework.boot.web.embedded.tomcat.TomcatServletWebServerFactory.getTomcatWebServer(TomcatServletWebServerFactory.java:440)
	at org.springframework.boot.web.embedded.tomcat.TomcatServletWebServerFactory.getWebServer(TomcatServletWebServerFactory.java:193)
	at org.springframework.boot.web.servlet.context.ServletWebServerApplicationContext.createWebServer(ServletWebServerApplicationContext.java:178)
	at org.springframework.boot.web.servlet.context.ServletWebServerApplicationContext.onRefresh(ServletWebServerApplicationContext.java:158)
	at org.springframework.context.support.AbstractApplicationContext.refresh(AbstractApplicationContext.java:545)
	at org.springframework.boot.web.servlet.context.ServletWebServerApplicationContext.refresh(ServletWebServerApplicationContext.java:143)
	at org.springframework.boot.SpringApplication.refresh(SpringApplication.java:758)
	at org.springframework.boot.SpringApplication.refresh(SpringApplication.java:750)
	at org.springframework.boot.SpringApplication.refreshContext(SpringApplication.java:405)
	at org.springframework.boot.SpringApplication.run(SpringApplication.java:315)
	at org.springframework.boot.SpringApplication.run(SpringApplication.java:1237)
	at org.springframework.boot.SpringApplication.run(SpringApplication.java:1226)
	at org.lamisplus.modules.hepatitis.HepatitisModule.main(HepatitisModule.java:35)
Caused by: org.springframework.beans.factory.UnsatisfiedDependencyException: Error creating bean with name 'hepatitisServiceImplementation' defined in file [C:\lamisplus\Hepatitis-module\target\classes\org\lamisplus\modules\hepatitis\service\implementations\HepatitisServiceImplementation.class]: Unsatisfied dependency expressed through constructor parameter 0; nested exception is org.springframework.beans.factory.NoSuchBeanDefinitionException: No qualifying bean of type 'org.lamisplus.modules.hepatitis.repository.EnrollmentRepository' available: expected at least 1 bean which qualifies as autowire candidate. Dependency annotations: {}
	at org.springframework.beans.factory.support.ConstructorResolver.createArgumentArray(ConstructorResolver.java:797)
	at org.springframework.beans.factory.support.ConstructorResolver.autowireConstructor(ConstructorResolver.java:227)
	at org.springframework.beans.factory.support.AbstractAutowireCapableBeanFactory.autowireConstructor(AbstractAutowireCapableBeanFactory.java:1356)
	at org.springframework.beans.factory.support.AbstractAutowireCapableBeanFactory.createBeanInstance(AbstractAutowireCapableBeanFactory.java:1203)
	at org.springframework.beans.factory.support.AbstractAutowireCapableBeanFactory.doCreateBean(AbstractAutowireCapableBeanFactory.java:556)
	at com.foreach.across.core.context.AcrossListableBeanFactory.doCreateBean(AcrossListableBeanFactory.java:152)
	at org.springframework.beans.factory.support.AbstractAutowireCapableBeanFactory.createBean(AbstractAutowireCapableBeanFactory.java:516)
	at org.springframework.beans.factory.support.AbstractBeanFactory.lambda$doGetBean$0(AbstractBeanFactory.java:324)
	at org.springframework.beans.factory.support.DefaultSingletonBeanRegistry.getSingleton(DefaultSingletonBeanRegistry.java:234)
	at org.springframework.beans.factory.support.AbstractBeanFactory.doGetBean(AbstractBeanFactory.java:322)
	at com.foreach.across.core.context.AcrossListableBeanFactory.doGetBean(AcrossListableBeanFactory.java:254)
	at org.springframework.beans.factory.support.AbstractBeanFactory.getBean(AbstractBeanFactory.java:202)
	at org.springframework.beans.factory.config.DependencyDescriptor.resolveCandidate(DependencyDescriptor.java:276)
	at org.springframework.beans.factory.support.DefaultListableBeanFactory.doResolveDependency(DefaultListableBeanFactory.java:1307)
	at com.foreach.across.core.context.AcrossListableBeanFactory.doResolveDependency(AcrossListableBeanFactory.java:236)
	at org.springframework.beans.factory.support.DefaultListableBeanFactory.resolveDependency(DefaultListableBeanFactory.java:1227)
	at org.springframework.beans.factory.support.ConstructorResolver.resolveAutowiredArgument(ConstructorResolver.java:884)
	at org.springframework.beans.factory.support.ConstructorResolver.createArgumentArray(ConstructorResolver.java:788)
	... 87 more
Caused by: org.springframework.beans.factory.NoSuchBeanDefinitionException: No qualifying bean of type 'org.lamisplus.modules.hepatitis.repository.EnrollmentRepository' available: expected at least 1 bean which qualifies as autowire candidate. Dependency annotations: {}
	at org.springframework.beans.factory.support.DefaultListableBeanFactory.raiseNoMatchingBeanFound(DefaultListableBeanFactory.java:1717)
	at org.springframework.beans.factory.support.DefaultListableBeanFactory.doResolveDependency(DefaultListableBeanFactory.java:1273)
	at com.foreach.across.core.context.AcrossListableBeanFactory.doResolveDependency(AcrossListableBeanFactory.java:236)
	at org.springframework.beans.factory.support.DefaultListableBeanFactory.resolveDependency(DefaultListableBeanFactory.java:1227)
	at org.springframework.beans.factory.support.ConstructorResolver.resolveAutowiredArgument(ConstructorResolver.java:884)
	at org.springframework.beans.factory.support.ConstructorResolver.createArgumentArray(ConstructorResolver.java:788)
	... 104 more



2023-07-20 12:41:09.480  INFO 7712 --- [main] o.l.modules.hepatitis.HepatitisModule    : Starting HepatitisModule on DESKTOP-P3FFB61 with PID 7712 (C:\lamisplus\Hepatitis-module\target\classes started by User in C:\lamisplus\Hepatitis-module)
2023-07-20 12:41:09.485  INFO 7712 --- [main] o.l.modules.hepatitis.HepatitisModule    : No active profile set, falling back to default profiles: default
2023-07-20 12:41:10.302  WARN 7712 --- [background-preinit] o.s.h.c.j.Jackson2ObjectMapperBuilder    : For Jackson Kotlin classes support please add "com.fasterxml.jackson.module:jackson-module-kotlin" to the classpath
2023-07-20 12:41:10.550  WARN 7712 --- [main] f.a.b.AcrossApplicationAutoConfiguration : 
2023-07-20 12:41:10.550  WARN 7712 --- [main] f.a.b.AcrossApplicationAutoConfiguration : --- Across AutoConfiguration Report ---
2023-07-20 12:41:10.550  WARN 7712 --- [main] f.a.b.AcrossApplicationAutoConfiguration : The following 52 auto-configuration classes have unknown Across support and were not added:
2023-07-20 12:41:10.552  WARN 7712 --- [main] f.a.b.AcrossApplicationAutoConfiguration : - org.springframework.boot.autoconfigure.task.TaskExecutionAutoConfiguration
2023-07-20 12:41:10.553  WARN 7712 --- [main] f.a.b.AcrossApplicationAutoConfiguration : - io.github.jhipster.config.JHipsterProperties
2023-07-20 12:41:10.553  WARN 7712 --- [main] f.a.b.AcrossApplicationAutoConfiguration : - io.github.jhipster.config.apidoc.SwaggerAutoConfiguration
2023-07-20 12:41:10.553  WARN 7712 --- [main] f.a.b.AcrossApplicationAutoConfiguration : - io.github.jhipster.config.apidoc.SwaggerPluginsAutoConfiguration
2023-07-20 12:41:10.553  WARN 7712 --- [main] f.a.b.AcrossApplicationAutoConfiguration : - io.github.jhipster.config.info.JHipsterInfoContributorConfiguration
2023-07-20 12:41:10.553  WARN 7712 --- [main] f.a.b.AcrossApplicationAutoConfiguration : - io.github.jhipster.config.metric.JHipsterLoggingMetricsExportConfiguration
2023-07-20 12:41:10.553  WARN 7712 --- [main] f.a.b.AcrossApplicationAutoConfiguration : - io.github.jhipster.config.metric.JHipsterMetricsEndpointConfiguration
2023-07-20 12:41:10.553  WARN 7712 --- [main] f.a.b.AcrossApplicationAutoConfiguration : - io.github.jhipster.security.ssl.UndertowSSLConfiguration
2023-07-20 12:41:10.554  WARN 7712 --- [main] f.a.b.AcrossApplicationAutoConfiguration : - io.github.jhipster.security.uaa.UaaAutoConfiguration
2023-07-20 12:41:10.554  WARN 7712 --- [main] f.a.b.AcrossApplicationAutoConfiguration : - io.github.resilience4j.bulkhead.autoconfigure.BulkheadAutoConfiguration
2023-07-20 12:41:10.554  WARN 7712 --- [main] f.a.b.AcrossApplicationAutoConfiguration : - io.github.resilience4j.bulkhead.autoconfigure.BulkheadMetricsAutoConfiguration
2023-07-20 12:41:10.555  WARN 7712 --- [main] f.a.b.AcrossApplicationAutoConfiguration : - io.github.resilience4j.bulkhead.autoconfigure.ThreadPoolBulkheadMetricsAutoConfiguration
2023-07-20 12:41:10.555  WARN 7712 --- [main] f.a.b.AcrossApplicationAutoConfiguration : - io.github.resilience4j.circuitbreaker.autoconfigure.CircuitBreakerAutoConfiguration
2023-07-20 12:41:10.555  WARN 7712 --- [main] f.a.b.AcrossApplicationAutoConfiguration : - io.github.resilience4j.circuitbreaker.autoconfigure.CircuitBreakerMetricsAutoConfiguration
2023-07-20 12:41:10.556  WARN 7712 --- [main] f.a.b.AcrossApplicationAutoConfiguration : - io.github.resilience4j.circuitbreaker.autoconfigure.CircuitBreakersHealthIndicatorAutoConfiguration
2023-07-20 12:41:10.556  WARN 7712 --- [main] f.a.b.AcrossApplicationAutoConfiguration : - io.github.resilience4j.ratelimiter.autoconfigure.RateLimiterAutoConfiguration
2023-07-20 12:41:10.556  WARN 7712 --- [main] f.a.b.AcrossApplicationAutoConfiguration : - io.github.resilience4j.ratelimiter.autoconfigure.RateLimiterMetricsAutoConfiguration
2023-07-20 12:41:10.556  WARN 7712 --- [main] f.a.b.AcrossApplicationAutoConfiguration : - io.github.resilience4j.ratelimiter.autoconfigure.RateLimitersHealthIndicatorAutoConfiguration
2023-07-20 12:41:10.557  WARN 7712 --- [main] f.a.b.AcrossApplicationAutoConfiguration : - io.github.resilience4j.retry.autoconfigure.RetryAutoConfiguration
2023-07-20 12:41:10.557  WARN 7712 --- [main] f.a.b.AcrossApplicationAutoConfiguration : - io.github.resilience4j.retry.autoconfigure.RetryMetricsAutoConfiguration
2023-07-20 12:41:10.557  WARN 7712 --- [main] f.a.b.AcrossApplicationAutoConfiguration : - io.github.resilience4j.scheduled.threadpool.autoconfigure.ContextAwareScheduledThreadPoolAutoConfiguration
2023-07-20 12:41:10.558  WARN 7712 --- [main] f.a.b.AcrossApplicationAutoConfiguration : - io.github.resilience4j.timelimiter.autoconfigure.TimeLimiterAutoConfiguration
2023-07-20 12:41:10.558  WARN 7712 --- [main] f.a.b.AcrossApplicationAutoConfiguration : - io.github.resilience4j.timelimiter.autoconfigure.TimeLimiterMetricsAutoConfiguration
2023-07-20 12:41:10.558  WARN 7712 --- [main] f.a.b.AcrossApplicationAutoConfiguration : - org.springframework.boot.actuate.autoconfigure.availability.AvailabilityHealthContributorAutoConfiguration
2023-07-20 12:41:10.558  WARN 7712 --- [main] f.a.b.AcrossApplicationAutoConfiguration : - org.springframework.boot.actuate.autoconfigure.availability.AvailabilityProbesAutoConfiguration
2023-07-20 12:41:10.559  WARN 7712 --- [main] f.a.b.AcrossApplicationAutoConfiguration : - org.springframework.boot.autoconfigure.cache.CacheAutoConfiguration
2023-07-20 12:41:10.559  WARN 7712 --- [main] f.a.b.AcrossApplicationAutoConfiguration : - org.springframework.cloud.stream.config.BindingServiceConfiguration
2023-07-20 12:41:10.559  WARN 7712 --- [main] f.a.b.AcrossApplicationAutoConfiguration : - org.springframework.cloud.stream.config.BindersHealthIndicatorAutoConfiguration
2023-07-20 12:41:10.559  WARN 7712 --- [main] f.a.b.AcrossApplicationAutoConfiguration : - org.springframework.boot.actuate.autoconfigure.health.HealthContributorAutoConfiguration
2023-07-20 12:41:10.559  WARN 7712 --- [main] f.a.b.AcrossApplicationAutoConfiguration : - org.springframework.boot.autoconfigure.integration.IntegrationAutoConfiguration
2023-07-20 12:41:10.559  WARN 7712 --- [main] f.a.b.AcrossApplicationAutoConfiguration : - org.springframework.boot.actuate.autoconfigure.integration.IntegrationGraphEndpointAutoConfiguration
2023-07-20 12:41:10.559  WARN 7712 --- [main] f.a.b.AcrossApplicationAutoConfiguration : - org.springframework.boot.actuate.autoconfigure.jdbc.DataSourceHealthContributorAutoConfiguration
2023-07-20 12:41:10.559  WARN 7712 --- [main] f.a.b.AcrossApplicationAutoConfiguration : - org.springframework.boot.actuate.autoconfigure.mail.MailHealthContributorAutoConfiguration
2023-07-20 12:41:10.559  WARN 7712 --- [main] f.a.b.AcrossApplicationAutoConfiguration : - org.springframework.boot.actuate.autoconfigure.metrics.KafkaMetricsAutoConfiguration
2023-07-20 12:41:10.559  WARN 7712 --- [main] f.a.b.AcrossApplicationAutoConfiguration : - org.springframework.boot.actuate.autoconfigure.metrics.web.client.HttpClientMetricsAutoConfiguration
2023-07-20 12:41:10.559  WARN 7712 --- [main] f.a.b.AcrossApplicationAutoConfiguration : - org.springframework.boot.actuate.autoconfigure.security.servlet.ManagementWebSecurityAutoConfiguration
2023-07-20 12:41:10.559  WARN 7712 --- [main] f.a.b.AcrossApplicationAutoConfiguration : - org.springframework.boot.autoconfigure.context.LifecycleAutoConfiguration
2023-07-20 12:41:10.559  WARN 7712 --- [main] f.a.b.AcrossApplicationAutoConfiguration : - org.springframework.boot.autoconfigure.jooq.JooqAutoConfiguration
2023-07-20 12:41:10.560  WARN 7712 --- [main] f.a.b.AcrossApplicationAutoConfiguration : - org.springframework.boot.autoconfigure.kafka.KafkaAutoConfiguration
2023-07-20 12:41:10.560  WARN 7712 --- [main] f.a.b.AcrossApplicationAutoConfiguration : - org.springframework.boot.autoconfigure.quartz.QuartzAutoConfiguration
2023-07-20 12:41:10.560  WARN 7712 --- [main] f.a.b.AcrossApplicationAutoConfiguration : - org.springframework.boot.autoconfigure.security.reactive.ReactiveUserDetailsServiceAutoConfiguration
2023-07-20 12:41:10.560  WARN 7712 --- [main] f.a.b.AcrossApplicationAutoConfiguration : - org.springframework.boot.autoconfigure.security.servlet.SecurityAutoConfiguration
2023-07-20 12:41:10.560  WARN 7712 --- [main] f.a.b.AcrossApplicationAutoConfiguration : - org.springframework.boot.autoconfigure.security.servlet.SecurityFilterAutoConfiguration
2023-07-20 12:41:10.560  WARN 7712 --- [main] f.a.b.AcrossApplicationAutoConfiguration : - org.springframework.boot.autoconfigure.security.servlet.UserDetailsServiceAutoConfiguration
2023-07-20 12:41:10.560  WARN 7712 --- [main] f.a.b.AcrossApplicationAutoConfiguration : - org.springframework.boot.autoconfigure.task.TaskSchedulingAutoConfiguration
2023-07-20 12:41:10.560  WARN 7712 --- [main] f.a.b.AcrossApplicationAutoConfiguration : - org.springframework.cloud.function.context.config.ContextFunctionCatalogAutoConfiguration
2023-07-20 12:41:10.561  WARN 7712 --- [main] f.a.b.AcrossApplicationAutoConfiguration : - org.springframework.cloud.stream.binder.kafka.config.ExtendedBindingHandlerMappingsProviderConfiguration
2023-07-20 12:41:10.561  WARN 7712 --- [main] f.a.b.AcrossApplicationAutoConfiguration : - org.springframework.cloud.stream.config.BindingsEndpointAutoConfiguration
2023-07-20 12:41:10.561  WARN 7712 --- [main] f.a.b.AcrossApplicationAutoConfiguration : - org.springframework.cloud.stream.config.ChannelBindingAutoConfiguration
2023-07-20 12:41:10.561  WARN 7712 --- [main] f.a.b.AcrossApplicationAutoConfiguration : - org.springframework.cloud.stream.config.ChannelsEndpointAutoConfiguration
2023-07-20 12:41:10.561  WARN 7712 --- [main] f.a.b.AcrossApplicationAutoConfiguration : - org.springframework.cloud.stream.function.FunctionConfiguration
2023-07-20 12:41:10.562  WARN 7712 --- [main] f.a.b.AcrossApplicationAutoConfiguration : - org.springframework.cloud.stream.schema.avro.AvroMessageConverterAutoConfiguration
2023-07-20 12:41:10.562  WARN 7712 --- [main] f.a.b.AcrossApplicationAutoConfiguration : Consider adding them to a META-INF/across.configuration.
2023-07-20 12:41:10.562  WARN 7712 --- [main] f.a.b.AcrossApplicationAutoConfiguration : --- End Across AutoConfiguration Report ---
2023-07-20 12:41:10.562  WARN 7712 --- [main] f.a.b.AcrossApplicationAutoConfiguration : 
2023-07-20 12:41:10.805  INFO 7712 --- [main] .a.c.ApplicationAutoConfigurationPackage : Disabling @AutoConfigurationPackage on the root package - Across applications support only the application module
2023-07-20 12:41:10.816  WARN 7712 --- [main] o.s.b.a.AutoConfigurationPackages        : @EnableAutoConfiguration was declared on a class in the default package. Automatic @Repository and @Entity scanning is not enabled.
2023-07-20 12:41:11.463  INFO 7712 --- [main] o.s.b.w.embedded.tomcat.TomcatWebServer  : Tomcat initialized with port(s): 8088 (http)
2023-07-20 12:41:11.480  INFO 7712 --- [main] o.apache.catalina.core.StandardService   : Starting service [Tomcat]
2023-07-20 12:41:11.480  INFO 7712 --- [main] org.apache.catalina.core.StandardEngine  : Starting Servlet engine: [Apache Tomcat/9.0.39]
2023-07-20 12:41:11.552  INFO 7712 --- [main] o.a.c.c.C.[Tomcat].[localhost].[/]       : Initializing Spring embedded WebApplicationContext
2023-07-20 12:41:11.552  INFO 7712 --- [main] w.s.c.ServletWebServerApplicationContext : Root WebApplicationContext: initialization completed in 1995 ms
2023-07-20 12:41:11.631  INFO 7712 --- [main] c.f.a.config.AcrossContextConfiguration  : Single datasource bean found - registering it as the AcrossContext datasource.
2023-07-20 12:41:11.830  INFO 7712 --- [main] c.f.a.c.AcrossDynamicModulesConfigurer   : Adding package based APPLICATION module HepatitisModuleApplicationModule, resources: hepatitisModule, base package: org.lamisplus.modules.hepatitis.application
2023-07-20 12:41:11.855  INFO 7712 --- [main] c.f.a.c.c.bootstrap.AcrossBootstrapper   : ---
2023-07-20 12:41:11.855  INFO 7712 --- [main] c.f.a.c.c.bootstrap.AcrossBootstrapper   : AcrossContext: HepatitisModule (AcrossContext-1)
2023-07-20 12:41:11.855  INFO 7712 --- [main] c.f.a.c.c.bootstrap.AcrossBootstrapper   : Bootstrapping 6 modules in the following order:
2023-07-20 12:41:11.855  INFO 7712 --- [main] c.f.a.c.c.bootstrap.AcrossBootstrapper   : 1 - AcrossContextInfrastructureModule 5.1.0.RELEASE [resources: AcrossContextInfrastructureModule]
2023-07-20 12:41:11.856  INFO 7712 --- [main] c.f.a.c.c.bootstrap.AcrossBootstrapper   : 2 - AcrossHibernateJpaModule 4.1.0.RELEASE [resources: AcrossHibernateJpaModule]
2023-07-20 12:41:11.856  INFO 7712 --- [main] c.f.a.c.c.bootstrap.AcrossBootstrapper   : 3 - AcrossWebModule 5.1.0.RELEASE [resources: ]
2023-07-20 12:41:11.856  INFO 7712 --- [main] c.f.a.c.c.bootstrap.AcrossBootstrapper   : 4 - HepatitisModule NO_VERSION [resources: HepatitisModule]
2023-07-20 12:41:11.856  INFO 7712 --- [main] c.f.a.c.c.bootstrap.AcrossBootstrapper   : 5 - HepatitisModuleApplicationModule dynamic-module [resources: hepatitisModule]
2023-07-20 12:41:11.856  INFO 7712 --- [main] c.f.a.c.c.bootstrap.AcrossBootstrapper   : 6 - AcrossContextPostProcessorModule 5.1.0.RELEASE [resources: AcrossContextPostProcessorModule]
2023-07-20 12:41:11.856  INFO 7712 --- [main] c.f.a.c.c.bootstrap.AcrossBootstrapper   : ---
2023-07-20 12:41:11.934  INFO 7712 --- [main] c.f.across.core.config.AcrossConfig      : Creating a default ConversionService as no valid bean 'conversionService' is present
2023-07-20 12:41:12.188  INFO 7712 --- [main] com.zaxxer.hikari.HikariDataSource       : HikariPool-1 - Starting...
2023-07-20 12:41:12.644  INFO 7712 --- [main] com.zaxxer.hikari.HikariDataSource       : HikariPool-1 - Start completed.
2023-07-20 12:41:12.688  INFO 7712 --- [main] c.f.a.c.c.bootstrap.AcrossBootstrapper   : 
2023-07-20 12:41:12.688  INFO 7712 --- [main] c.f.a.c.c.bootstrap.AcrossBootstrapper   : --- Starting module bootstrap
2023-07-20 12:41:12.692  INFO 7712 --- [main] c.f.a.c.c.bootstrap.AcrossBootstrapper   : 
2023-07-20 12:41:12.692  INFO 7712 --- [main] c.f.a.c.c.bootstrap.AcrossBootstrapper   :  1 - AcrossContextInfrastructureModule 5.1.0.RELEASE [resources: AcrossContextInfrastructureModule]
2023-07-20 12:41:12.692  INFO 7712 --- [main] c.f.a.c.c.bootstrap.AcrossBootstrapper   :      class com.foreach.across.core.AcrossContextConfigurationModule
2023-07-20 12:41:12.693  INFO 7712 --- [main] c.f.a.c.c.bootstrap.AcrossBootstrapper   : 
2023-07-20 12:41:12.694  INFO 7712 --- [main] c.f.a.c.c.bootstrap.AcrossBootstrapper   :      Nothing to be done - skipping module bootstrap
2023-07-20 12:41:12.695  INFO 7712 --- [main] c.f.a.c.c.bootstrap.AcrossBootstrapper   : 
2023-07-20 12:41:12.695  INFO 7712 --- [main] c.f.a.c.c.bootstrap.AcrossBootstrapper   :  2 - AcrossHibernateJpaModule 4.1.0.RELEASE [resources: AcrossHibernateJpaModule]
2023-07-20 12:41:12.695  INFO 7712 --- [main] c.f.a.c.c.bootstrap.AcrossBootstrapper   :      class com.foreach.across.modules.hibernate.jpa.AcrossHibernateJpaModule
2023-07-20 12:41:12.695  INFO 7712 --- [main] c.f.a.c.c.bootstrap.AcrossBootstrapper   : 
2023-07-20 12:41:12.924  INFO 7712 --- [main] c.f.a.c.d.AcrossDevelopmentMode          : Across development mode active: false
2023-07-20 12:41:13.057  INFO 7712 --- [main] c.f.a.m.h.j.c.HibernateJpaConfiguration  : Resolving datasource bean acrossDataSource for the EntityManagerFactory
2023-07-20 12:41:13.155  INFO 7712 --- [main] o.hibernate.jpa.internal.util.LogHelper  : HHH000204: Processing PersistenceUnitInfo [
	name: AcrossHibernateJpaModule
	...]
2023-07-20 12:41:13.371  INFO 7712 --- [main] org.hibernate.Version                    : HHH000412: Hibernate Core {5.4.0.Final}
2023-07-20 12:41:13.380  INFO 7712 --- [main] org.hibernate.cfg.Environment            : HHH000206: hibernate.properties not found
2023-07-20 12:41:13.721  INFO 7712 --- [main] o.hibernate.annotations.common.Version   : HCANN000001: Hibernate Commons Annotations {5.1.0.Final}
2023-07-20 12:41:13.953  INFO 7712 --- [main] org.hibernate.dialect.Dialect            : HHH000400: Using dialect: org.hibernate.dialect.PostgreSQL95Dialect
2023-07-20 12:41:14.097  INFO 7712 --- [main] org.hibernate.type.BasicTypeRegistry     : HHH000270: Type registration [java.util.UUID] overrides previous : org.hibernate.type.UUIDBinaryType@3a80c534
2023-07-20 12:41:14.380  WARN 7712 --- [main] Hypersistence Optimizer                  : You should use Hypersistence Optimizer to speed up your Hibernate application!
2023-07-20 12:41:14.381  WARN 7712 --- [main] Hypersistence Optimizer                  : For more details, go to https://vladmihalcea.com/hypersistence-optimizer/
2023-07-20 12:41:14.382  INFO 7712 --- [main] Hypersistence Optimizer                  : 
 _    _                           _     _
| |  | |                         (_)   | |
| |__| |_   _ _ __   ___ _ __ ___ _ ___| |_ ___ _ __   ___ ___
|  __  | | | | '_ \ / _ \ '__/ __| / __| __/ _ \ '_ \ / __/ _ \
| |  | | |_| | |_) |  __/ |  \__ \ \__ \ ||  __/ | | | (_|  __/
|_|  |_|\__, | .__/ \___|_|  |___/_|___/\__\___|_| |_|\___\___|
         __/ | |
        |___/|_|

           ____        _   _           _
          / __ \      | | (_)         (_)
         | |  | |_ __ | |_ _ _ __ ___  _ _______ _ __
         | |  | | '_ \| __| | '_ ` _ \| |_  / _ \ '__|
         | |__| | |_) | |_| | | | | | | |/ /  __/ |
          \____/| .__/ \__|_|_| |_| |_|_/___\___|_|
                | |
                |_|

2023-07-20 12:41:15.460  INFO 7712 --- [main] o.h.e.t.j.p.i.JtaPlatformInitiator       : HHH000490: Using JtaPlatform implementation: [org.hibernate.engine.transaction.jta.platform.internal.NoJtaPlatform]
2023-07-20 12:41:15.463  INFO 7712 --- [main] j.LocalContainerEntityManagerFactoryBean : Initialized JPA EntityManagerFactory for persistence unit 'AcrossHibernateJpaModule'
2023-07-20 12:41:15.514  INFO 7712 --- [main] c.f.a.c.c.bootstrap.AcrossBootstrapper   : 
2023-07-20 12:41:15.514  INFO 7712 --- [main] c.f.a.c.c.bootstrap.AcrossBootstrapper   :  3 - AcrossWebModule 5.1.0.RELEASE [resources: ]
2023-07-20 12:41:15.514  INFO 7712 --- [main] c.f.a.c.c.bootstrap.AcrossBootstrapper   :      class com.foreach.across.modules.web.AcrossWebModule
2023-07-20 12:41:15.514  INFO 7712 --- [main] c.f.a.c.c.bootstrap.AcrossBootstrapper   : 
2023-07-20 12:41:15.739  INFO 7712 --- [main] f.a.m.w.c.ConversionServiceConfiguration : Using the default ConversionService as mvcConversionService
2023-07-20 12:41:15.989  INFO 7712 --- [main] c.f.a.c.c.bootstrap.AcrossBootstrapper   : 
2023-07-20 12:41:15.990  INFO 7712 --- [main] c.f.a.c.c.bootstrap.AcrossBootstrapper   :  4 - HepatitisModule NO_VERSION [resources: HepatitisModule]
2023-07-20 12:41:15.990  INFO 7712 --- [main] c.f.a.c.c.bootstrap.AcrossBootstrapper   :      class org.lamisplus.modules.hepatitis.HepatitisModule$$EnhancerBySpringCGLIB$$f65c7bfd
2023-07-20 12:41:15.990  INFO 7712 --- [main] c.f.a.c.c.bootstrap.AcrossBootstrapper   : 
2023-07-20 12:41:16.036  INFO 7712 --- [main] .s.d.r.c.RepositoryConfigurationDelegate : Bootstrapping Spring Data JPA repositories in DEFAULT mode.
2023-07-20 12:41:16.053  INFO 7712 --- [main] .s.d.r.c.RepositoryConfigurationDelegate : Finished Spring Data repository scanning in 7ms. Found 0 JPA repository interfaces.
2023-07-20 12:41:16.079  WARN 7712 --- [main] c.f.a.c.c.w.AcrossWebApplicationContext  : Exception encountered during context initialization - cancelling refresh attempt: org.springframework.beans.factory.UnsatisfiedDependencyException: Error creating bean with name 'hepatitisEnrollmentController' defined in file [C:\lamisplus\Hepatitis-module\target\classes\org\lamisplus\modules\hepatitis\controller\HepatitisEnrollmentController.class]: Unsatisfied dependency expressed through constructor parameter 0; nested exception is org.springframework.beans.factory.UnsatisfiedDependencyException: Error creating bean with name 'hepatitisServiceImplementation' defined in file [C:\lamisplus\Hepatitis-module\target\classes\org\lamisplus\modules\hepatitis\service\implementations\HepatitisServiceImplementation.class]: Unsatisfied dependency expressed through constructor parameter 0; nested exception is org.springframework.beans.factory.NoSuchBeanDefinitionException: No qualifying bean of type 'org.lamisplus.modules.hepatitis.repository.EnrollmentRepository' available: expected at least 1 bean which qualifies as autowire candidate. Dependency annotations: {}
2023-07-20 12:41:16.082 ERROR 7712 --- [main] o.s.b.web.embedded.tomcat.TomcatStarter  : Error starting Tomcat context. Exception: org.springframework.beans.factory.BeanCreationException. Message: Error creating bean with name 'acrossContext' defined in com.foreach.across.config.AcrossContextConfiguration: Bean instantiation via factory method failed; nested exception is org.springframework.beans.BeanInstantiationException: Failed to instantiate [com.foreach.across.core.AcrossContext]: Factory method 'acrossContext' threw exception; nested exception is com.foreach.across.core.context.bootstrap.AcrossBootstrapException: Across module bootstrap failed: HepatitisModule
2023-07-20 12:41:16.100  INFO 7712 --- [main] o.apache.catalina.core.StandardService   : Stopping service [Tomcat]
2023-07-20 12:41:16.103  WARN 7712 --- [main] o.a.c.loader.WebappClassLoaderBase       : The web application [ROOT] appears to have started a thread named [HikariPool-1 housekeeper] but has failed to stop it. This is very likely to create a memory leak. Stack trace of thread:
 sun.misc.Unsafe.park(Native Method)
 java.util.concurrent.locks.LockSupport.parkNanos(LockSupport.java:215)
 java.util.concurrent.locks.AbstractQueuedSynchronizer$ConditionObject.awaitNanos(AbstractQueuedSynchronizer.java:2078)
 java.util.concurrent.ScheduledThreadPoolExecutor$DelayedWorkQueue.take(ScheduledThreadPoolExecutor.java:1093)
 java.util.concurrent.ScheduledThreadPoolExecutor$DelayedWorkQueue.take(ScheduledThreadPoolExecutor.java:809)
 java.util.concurrent.ThreadPoolExecutor.getTask(ThreadPoolExecutor.java:1074)
 java.util.concurrent.ThreadPoolExecutor.runWorker(ThreadPoolExecutor.java:1134)
 java.util.concurrent.ThreadPoolExecutor$Worker.run(ThreadPoolExecutor.java:624)
 java.lang.Thread.run(Thread.java:748)
2023-07-20 12:41:16.104  WARN 7712 --- [main] o.a.c.loader.WebappClassLoaderBase       : The web application [ROOT] appears to have started a thread named [HikariPool-1 connection adder] but has failed to stop it. This is very likely to create a memory leak. Stack trace of thread:
 sun.misc.Unsafe.park(Native Method)
 java.util.concurrent.locks.LockSupport.parkNanos(LockSupport.java:215)
 java.util.concurrent.locks.AbstractQueuedSynchronizer$ConditionObject.awaitNanos(AbstractQueuedSynchronizer.java:2078)
 java.util.concurrent.LinkedBlockingQueue.poll(LinkedBlockingQueue.java:467)
 java.util.concurrent.ThreadPoolExecutor.getTask(ThreadPoolExecutor.java:1073)
 java.util.concurrent.ThreadPoolExecutor.runWorker(ThreadPoolExecutor.java:1134)
 java.util.concurrent.ThreadPoolExecutor$Worker.run(ThreadPoolExecutor.java:624)
 java.lang.Thread.run(Thread.java:748)
2023-07-20 12:41:16.106  WARN 7712 --- [main] ConfigServletWebServerApplicationContext : Exception encountered during context initialization - cancelling refresh attempt: org.springframework.context.ApplicationContextException: Unable to start web server; nested exception is org.springframework.boot.web.server.WebServerException: Unable to start embedded Tomcat
2023-07-20 12:41:16.106  INFO 7712 --- [main] com.zaxxer.hikari.HikariDataSource       : HikariPool-1 - Shutdown initiated...
2023-07-20 12:41:16.110  INFO 7712 --- [main] com.zaxxer.hikari.HikariDataSource       : HikariPool-1 - Shutdown completed.
2023-07-20 12:41:16.119  INFO 7712 --- [main] ConditionEvaluationReportLoggingListener : 

Error starting ApplicationContext. To display the conditions report re-run your application with 'debug' enabled.
2023-07-20 12:41:16.127 ERROR 7712 --- [main] o.s.b.d.LoggingFailureAnalysisReporter   : 

***************************
APPLICATION FAILED TO START
***************************

Description:

An error occurred while bootstrapping module HepatitisModule.

Stacktrace:

org.springframework.beans.factory.UnsatisfiedDependencyException: Error creating bean with name 'hepatitisEnrollmentController' defined in file [C:\lamisplus\Hepatitis-module\target\classes\org\lamisplus\modules\hepatitis\controller\HepatitisEnrollmentController.class]: Unsatisfied dependency expressed through constructor parameter 0; nested exception is org.springframework.beans.factory.UnsatisfiedDependencyException: Error creating bean with name 'hepatitisServiceImplementation' defined in file [C:\lamisplus\Hepatitis-module\target\classes\org\lamisplus\modules\hepatitis\service\implementations\HepatitisServiceImplementation.class]: Unsatisfied dependency expressed through constructor parameter 0; nested exception is org.springframework.beans.factory.NoSuchBeanDefinitionException: No qualifying bean of type 'org.lamisplus.modules.hepatitis.repository.EnrollmentRepository' available: expected at least 1 bean which qualifies as autowire candidate. Dependency annotations: {}
	at org.springframework.beans.factory.support.ConstructorResolver.createArgumentArray(ConstructorResolver.java:797)
	at org.springframework.beans.factory.support.ConstructorResolver.autowireConstructor(ConstructorResolver.java:227)
	at org.springframework.beans.factory.support.AbstractAutowireCapableBeanFactory.autowireConstructor(AbstractAutowireCapableBeanFactory.java:1356)
	at org.springframework.beans.factory.support.AbstractAutowireCapableBeanFactory.createBeanInstance(AbstractAutowireCapableBeanFactory.java:1203)
	at org.springframework.beans.factory.support.AbstractAutowireCapableBeanFactory.doCreateBean(AbstractAutowireCapableBeanFactory.java:556)
	at com.foreach.across.core.context.AcrossListableBeanFactory.doCreateBean(AcrossListableBeanFactory.java:152)
	at org.springframework.beans.factory.support.AbstractAutowireCapableBeanFactory.createBean(AbstractAutowireCapableBeanFactory.java:516)
	at org.springframework.beans.factory.support.AbstractBeanFactory.lambda$doGetBean$0(AbstractBeanFactory.java:324)
	at org.springframework.beans.factory.support.DefaultSingletonBeanRegistry.getSingleton(DefaultSingletonBeanRegistry.java:234)
	at org.springframework.beans.factory.support.AbstractBeanFactory.doGetBean(AbstractBeanFactory.java:322)
	at com.foreach.across.core.context.AcrossListableBeanFactory.doGetBean(AcrossListableBeanFactory.java:254)
	at org.springframework.beans.factory.support.AbstractBeanFactory.getBean(AbstractBeanFactory.java:202)
	at org.springframework.beans.factory.support.DefaultListableBeanFactory.preInstantiateSingletons(DefaultListableBeanFactory.java:897)
	at org.springframework.context.support.AbstractApplicationContext.finishBeanFactoryInitialization(AbstractApplicationContext.java:879)
	at org.springframework.context.support.AbstractApplicationContext.refresh(AbstractApplicationContext.java:551)
	at com.foreach.across.core.context.bootstrap.AnnotationConfigBootstrapApplicationContextFactory.loadApplicationContext(AnnotationConfigBootstrapApplicationContextFactory.java:171)
	at com.foreach.across.core.context.bootstrap.AnnotationConfigBootstrapApplicationContextFactory.loadApplicationContext(AnnotationConfigBootstrapApplicationContextFactory.java:125)
	at com.foreach.across.core.context.bootstrap.AcrossBootstrapper.bootstrap(AcrossBootstrapper.java:226)
	at com.foreach.across.core.AcrossContext.bootstrap(AcrossContext.java:393)
	at com.foreach.across.config.AcrossContextConfiguration.acrossContext(AcrossContextConfiguration.java:113)
	at com.foreach.across.config.AcrossContextConfiguration$$EnhancerBySpringCGLIB$$7fc283e0.CGLIB$acrossContext$7(<generated>)
	at com.foreach.across.config.AcrossContextConfiguration$$EnhancerBySpringCGLIB$$7fc283e0$$FastClassBySpringCGLIB$$ca4f4a9.invoke(<generated>)
	at org.springframework.cglib.proxy.MethodProxy.invokeSuper(MethodProxy.java:244)
	at org.springframework.context.annotation.ConfigurationClassEnhancer$BeanMethodInterceptor.intercept(ConfigurationClassEnhancer.java:331)
	at com.foreach.across.config.AcrossContextConfiguration$$EnhancerBySpringCGLIB$$7fc283e0.acrossContext(<generated>)
	at sun.reflect.NativeMethodAccessorImpl.invoke0(Native Method)
	at sun.reflect.NativeMethodAccessorImpl.invoke(NativeMethodAccessorImpl.java:62)
	at sun.reflect.DelegatingMethodAccessorImpl.invoke(DelegatingMethodAccessorImpl.java:43)
	at java.lang.reflect.Method.invoke(Method.java:498)
	at org.springframework.beans.factory.support.SimpleInstantiationStrategy.instantiate(SimpleInstantiationStrategy.java:154)
	at org.springframework.beans.factory.support.ConstructorResolver.instantiate(ConstructorResolver.java:650)
	at org.springframework.beans.factory.support.ConstructorResolver.instantiateUsingFactoryMethod(ConstructorResolver.java:635)
	at org.springframework.beans.factory.support.AbstractAutowireCapableBeanFactory.instantiateUsingFactoryMethod(AbstractAutowireCapableBeanFactory.java:1336)
	at org.springframework.beans.factory.support.AbstractAutowireCapableBeanFactory.createBeanInstance(AbstractAutowireCapableBeanFactory.java:1176)
	at org.springframework.beans.factory.support.AbstractAutowireCapableBeanFactory.doCreateBean(AbstractAutowireCapableBeanFactory.java:556)
	at org.springframework.beans.factory.support.AbstractAutowireCapableBeanFactory.createBean(AbstractAutowireCapableBeanFactory.java:516)
	at org.springframework.beans.factory.support.AbstractBeanFactory.lambda$doGetBean$0(AbstractBeanFactory.java:324)
	at org.springframework.beans.factory.support.DefaultSingletonBeanRegistry.getSingleton(DefaultSingletonBeanRegistry.java:234)
	at org.springframework.beans.factory.support.AbstractBeanFactory.doGetBean(AbstractBeanFactory.java:322)
	at org.springframework.beans.factory.support.AbstractBeanFactory.getBean(AbstractBeanFactory.java:227)
	at org.springframework.beans.factory.support.DefaultListableBeanFactory.resolveNamedBean(DefaultListableBeanFactory.java:1175)
	at org.springframework.beans.factory.support.DefaultListableBeanFactory.resolveBean(DefaultListableBeanFactory.java:420)
	at org.springframework.beans.factory.support.DefaultListableBeanFactory.getBean(DefaultListableBeanFactory.java:349)
	at org.springframework.beans.factory.support.DefaultListableBeanFactory.getBean(DefaultListableBeanFactory.java:342)
	at org.springframework.context.support.AbstractApplicationContext.getBean(AbstractApplicationContext.java:1127)
	at com.foreach.across.config.AcrossServletContextInitializer.onStartup(AcrossServletContextInitializer.java:82)
	at org.springframework.boot.web.servlet.context.ServletWebServerApplicationContext.selfInitialize(ServletWebServerApplicationContext.java:230)
	at org.springframework.boot.web.embedded.tomcat.TomcatStarter.onStartup(TomcatStarter.java:53)
	at org.apache.catalina.core.StandardContext.startInternal(StandardContext.java:5166)
	at org.apache.catalina.util.LifecycleBase.start(LifecycleBase.java:183)
	at org.apache.catalina.core.ContainerBase$StartChild.call(ContainerBase.java:1384)
	at org.apache.catalina.core.ContainerBase$StartChild.call(ContainerBase.java:1374)
	at java.util.concurrent.FutureTask.run(FutureTask.java:266)
	at org.apache.tomcat.util.threads.InlineExecutorService.execute(InlineExecutorService.java:75)
	at java.util.concurrent.AbstractExecutorService.submit(AbstractExecutorService.java:134)
	at org.apache.catalina.core.ContainerBase.startInternal(ContainerBase.java:909)
	at org.apache.catalina.core.StandardHost.startInternal(StandardHost.java:843)
	at org.apache.catalina.util.LifecycleBase.start(LifecycleBase.java:183)
	at org.apache.catalina.core.ContainerBase$StartChild.call(ContainerBase.java:1384)
	at org.apache.catalina.core.ContainerBase$StartChild.call(ContainerBase.java:1374)
	at java.util.concurrent.FutureTask.run(FutureTask.java:266)
	at org.apache.tomcat.util.threads.InlineExecutorService.execute(InlineExecutorService.java:75)
	at java.util.concurrent.AbstractExecutorService.submit(AbstractExecutorService.java:134)
	at org.apache.catalina.core.ContainerBase.startInternal(ContainerBase.java:909)
	at org.apache.catalina.core.StandardEngine.startInternal(StandardEngine.java:262)
	at org.apache.catalina.util.LifecycleBase.start(LifecycleBase.java:183)
	at org.apache.catalina.core.StandardService.startInternal(StandardService.java:421)
	at org.apache.catalina.util.LifecycleBase.start(LifecycleBase.java:183)
	at org.apache.catalina.core.StandardServer.startInternal(StandardServer.java:930)
	at org.apache.catalina.util.LifecycleBase.start(LifecycleBase.java:183)
	at org.apache.catalina.startup.Tomcat.start(Tomcat.java:486)
	at org.springframework.boot.web.embedded.tomcat.TomcatWebServer.initialize(TomcatWebServer.java:123)
	at org.springframework.boot.web.embedded.tomcat.TomcatWebServer.<init>(TomcatWebServer.java:104)
	at org.springframework.boot.web.embedded.tomcat.TomcatServletWebServerFactory.getTomcatWebServer(TomcatServletWebServerFactory.java:440)
	at org.springframework.boot.web.embedded.tomcat.TomcatServletWebServerFactory.getWebServer(TomcatServletWebServerFactory.java:193)
	at org.springframework.boot.web.servlet.context.ServletWebServerApplicationContext.createWebServer(ServletWebServerApplicationContext.java:178)
	at org.springframework.boot.web.servlet.context.ServletWebServerApplicationContext.onRefresh(ServletWebServerApplicationContext.java:158)
	at org.springframework.context.support.AbstractApplicationContext.refresh(AbstractApplicationContext.java:545)
	at org.springframework.boot.web.servlet.context.ServletWebServerApplicationContext.refresh(ServletWebServerApplicationContext.java:143)
	at org.springframework.boot.SpringApplication.refresh(SpringApplication.java:758)
	at org.springframework.boot.SpringApplication.refresh(SpringApplication.java:750)
	at org.springframework.boot.SpringApplication.refreshContext(SpringApplication.java:405)
	at org.springframework.boot.SpringApplication.run(SpringApplication.java:315)
	at org.springframework.boot.SpringApplication.run(SpringApplication.java:1237)
	at org.springframework.boot.SpringApplication.run(SpringApplication.java:1226)
	at org.lamisplus.modules.hepatitis.HepatitisModule.main(HepatitisModule.java:35)
Caused by: org.springframework.beans.factory.UnsatisfiedDependencyException: Error creating bean with name 'hepatitisServiceImplementation' defined in file [C:\lamisplus\Hepatitis-module\target\classes\org\lamisplus\modules\hepatitis\service\implementations\HepatitisServiceImplementation.class]: Unsatisfied dependency expressed through constructor parameter 0; nested exception is org.springframework.beans.factory.NoSuchBeanDefinitionException: No qualifying bean of type 'org.lamisplus.modules.hepatitis.repository.EnrollmentRepository' available: expected at least 1 bean which qualifies as autowire candidate. Dependency annotations: {}
	at org.springframework.beans.factory.support.ConstructorResolver.createArgumentArray(ConstructorResolver.java:797)
	at org.springframework.beans.factory.support.ConstructorResolver.autowireConstructor(ConstructorResolver.java:227)
	at org.springframework.beans.factory.support.AbstractAutowireCapableBeanFactory.autowireConstructor(AbstractAutowireCapableBeanFactory.java:1356)
	at org.springframework.beans.factory.support.AbstractAutowireCapableBeanFactory.createBeanInstance(AbstractAutowireCapableBeanFactory.java:1203)
	at org.springframework.beans.factory.support.AbstractAutowireCapableBeanFactory.doCreateBean(AbstractAutowireCapableBeanFactory.java:556)
	at com.foreach.across.core.context.AcrossListableBeanFactory.doCreateBean(AcrossListableBeanFactory.java:152)
	at org.springframework.beans.factory.support.AbstractAutowireCapableBeanFactory.createBean(AbstractAutowireCapableBeanFactory.java:516)
	at org.springframework.beans.factory.support.AbstractBeanFactory.lambda$doGetBean$0(AbstractBeanFactory.java:324)
	at org.springframework.beans.factory.support.DefaultSingletonBeanRegistry.getSingleton(DefaultSingletonBeanRegistry.java:234)
	at org.springframework.beans.factory.support.AbstractBeanFactory.doGetBean(AbstractBeanFactory.java:322)
	at com.foreach.across.core.context.AcrossListableBeanFactory.doGetBean(AcrossListableBeanFactory.java:254)
	at org.springframework.beans.factory.support.AbstractBeanFactory.getBean(AbstractBeanFactory.java:202)
	at org.springframework.beans.factory.config.DependencyDescriptor.resolveCandidate(DependencyDescriptor.java:276)
	at org.springframework.beans.factory.support.DefaultListableBeanFactory.doResolveDependency(DefaultListableBeanFactory.java:1307)
	at com.foreach.across.core.context.AcrossListableBeanFactory.doResolveDependency(AcrossListableBeanFactory.java:236)
	at org.springframework.beans.factory.support.DefaultListableBeanFactory.resolveDependency(DefaultListableBeanFactory.java:1227)
	at org.springframework.beans.factory.support.ConstructorResolver.resolveAutowiredArgument(ConstructorResolver.java:884)
	at org.springframework.beans.factory.support.ConstructorResolver.createArgumentArray(ConstructorResolver.java:788)
	... 85 more
Caused by: org.springframework.beans.factory.NoSuchBeanDefinitionException: No qualifying bean of type 'org.lamisplus.modules.hepatitis.repository.EnrollmentRepository' available: expected at least 1 bean which qualifies as autowire candidate. Dependency annotations: {}
	at org.springframework.beans.factory.support.DefaultListableBeanFactory.raiseNoMatchingBeanFound(DefaultListableBeanFactory.java:1717)
	at org.springframework.beans.factory.support.DefaultListableBeanFactory.doResolveDependency(DefaultListableBeanFactory.java:1273)
	at com.foreach.across.core.context.AcrossListableBeanFactory.doResolveDependency(AcrossListableBeanFactory.java:236)
	at org.springframework.beans.factory.support.DefaultListableBeanFactory.resolveDependency(DefaultListableBeanFactory.java:1227)
	at org.springframework.beans.factory.support.ConstructorResolver.resolveAutowiredArgument(ConstructorResolver.java:884)
	at org.springframework.beans.factory.support.ConstructorResolver.createArgumentArray(ConstructorResolver.java:788)
	... 102 more



2023-07-20 12:42:11.626  INFO 11164 --- [main] o.l.modules.hepatitis.HepatitisModule    : Starting HepatitisModule on DESKTOP-P3FFB61 with PID 11164 (C:\lamisplus\Hepatitis-module\target\classes started by User in C:\lamisplus\Hepatitis-module)
2023-07-20 12:42:11.630  INFO 11164 --- [main] o.l.modules.hepatitis.HepatitisModule    : No active profile set, falling back to default profiles: default
2023-07-20 12:42:12.244  WARN 11164 --- [background-preinit] o.s.h.c.j.Jackson2ObjectMapperBuilder    : For Jackson Kotlin classes support please add "com.fasterxml.jackson.module:jackson-module-kotlin" to the classpath
2023-07-20 12:42:12.445  WARN 11164 --- [main] f.a.b.AcrossApplicationAutoConfiguration : 
2023-07-20 12:42:12.446  WARN 11164 --- [main] f.a.b.AcrossApplicationAutoConfiguration : --- Across AutoConfiguration Report ---
2023-07-20 12:42:12.446  WARN 11164 --- [main] f.a.b.AcrossApplicationAutoConfiguration : The following 52 auto-configuration classes have unknown Across support and were not added:
2023-07-20 12:42:12.448  WARN 11164 --- [main] f.a.b.AcrossApplicationAutoConfiguration : - org.springframework.boot.autoconfigure.task.TaskExecutionAutoConfiguration
2023-07-20 12:42:12.449  WARN 11164 --- [main] f.a.b.AcrossApplicationAutoConfiguration : - io.github.jhipster.config.JHipsterProperties
2023-07-20 12:42:12.449  WARN 11164 --- [main] f.a.b.AcrossApplicationAutoConfiguration : - io.github.jhipster.config.apidoc.SwaggerAutoConfiguration
2023-07-20 12:42:12.449  WARN 11164 --- [main] f.a.b.AcrossApplicationAutoConfiguration : - io.github.jhipster.config.apidoc.SwaggerPluginsAutoConfiguration
2023-07-20 12:42:12.449  WARN 11164 --- [main] f.a.b.AcrossApplicationAutoConfiguration : - io.github.jhipster.config.info.JHipsterInfoContributorConfiguration
2023-07-20 12:42:12.449  WARN 11164 --- [main] f.a.b.AcrossApplicationAutoConfiguration : - io.github.jhipster.config.metric.JHipsterLoggingMetricsExportConfiguration
2023-07-20 12:42:12.450  WARN 11164 --- [main] f.a.b.AcrossApplicationAutoConfiguration : - io.github.jhipster.config.metric.JHipsterMetricsEndpointConfiguration
2023-07-20 12:42:12.450  WARN 11164 --- [main] f.a.b.AcrossApplicationAutoConfiguration : - io.github.jhipster.security.ssl.UndertowSSLConfiguration
2023-07-20 12:42:12.450  WARN 11164 --- [main] f.a.b.AcrossApplicationAutoConfiguration : - io.github.jhipster.security.uaa.UaaAutoConfiguration
2023-07-20 12:42:12.450  WARN 11164 --- [main] f.a.b.AcrossApplicationAutoConfiguration : - io.github.resilience4j.bulkhead.autoconfigure.BulkheadAutoConfiguration
2023-07-20 12:42:12.450  WARN 11164 --- [main] f.a.b.AcrossApplicationAutoConfiguration : - io.github.resilience4j.bulkhead.autoconfigure.BulkheadMetricsAutoConfiguration
2023-07-20 12:42:12.450  WARN 11164 --- [main] f.a.b.AcrossApplicationAutoConfiguration : - io.github.resilience4j.bulkhead.autoconfigure.ThreadPoolBulkheadMetricsAutoConfiguration
2023-07-20 12:42:12.450  WARN 11164 --- [main] f.a.b.AcrossApplicationAutoConfiguration : - io.github.resilience4j.circuitbreaker.autoconfigure.CircuitBreakerAutoConfiguration
2023-07-20 12:42:12.450  WARN 11164 --- [main] f.a.b.AcrossApplicationAutoConfiguration : - io.github.resilience4j.circuitbreaker.autoconfigure.CircuitBreakerMetricsAutoConfiguration
2023-07-20 12:42:12.451  WARN 11164 --- [main] f.a.b.AcrossApplicationAutoConfiguration : - io.github.resilience4j.circuitbreaker.autoconfigure.CircuitBreakersHealthIndicatorAutoConfiguration
2023-07-20 12:42:12.451  WARN 11164 --- [main] f.a.b.AcrossApplicationAutoConfiguration : - io.github.resilience4j.ratelimiter.autoconfigure.RateLimiterAutoConfiguration
2023-07-20 12:42:12.451  WARN 11164 --- [main] f.a.b.AcrossApplicationAutoConfiguration : - io.github.resilience4j.ratelimiter.autoconfigure.RateLimiterMetricsAutoConfiguration
2023-07-20 12:42:12.451  WARN 11164 --- [main] f.a.b.AcrossApplicationAutoConfiguration : - io.github.resilience4j.ratelimiter.autoconfigure.RateLimitersHealthIndicatorAutoConfiguration
2023-07-20 12:42:12.451  WARN 11164 --- [main] f.a.b.AcrossApplicationAutoConfiguration : - io.github.resilience4j.retry.autoconfigure.RetryAutoConfiguration
2023-07-20 12:42:12.451  WARN 11164 --- [main] f.a.b.AcrossApplicationAutoConfiguration : - io.github.resilience4j.retry.autoconfigure.RetryMetricsAutoConfiguration
2023-07-20 12:42:12.451  WARN 11164 --- [main] f.a.b.AcrossApplicationAutoConfiguration : - io.github.resilience4j.scheduled.threadpool.autoconfigure.ContextAwareScheduledThreadPoolAutoConfiguration
2023-07-20 12:42:12.452  WARN 11164 --- [main] f.a.b.AcrossApplicationAutoConfiguration : - io.github.resilience4j.timelimiter.autoconfigure.TimeLimiterAutoConfiguration
2023-07-20 12:42:12.452  WARN 11164 --- [main] f.a.b.AcrossApplicationAutoConfiguration : - io.github.resilience4j.timelimiter.autoconfigure.TimeLimiterMetricsAutoConfiguration
2023-07-20 12:42:12.452  WARN 11164 --- [main] f.a.b.AcrossApplicationAutoConfiguration : - org.springframework.boot.actuate.autoconfigure.availability.AvailabilityHealthContributorAutoConfiguration
2023-07-20 12:42:12.452  WARN 11164 --- [main] f.a.b.AcrossApplicationAutoConfiguration : - org.springframework.boot.actuate.autoconfigure.availability.AvailabilityProbesAutoConfiguration
2023-07-20 12:42:12.452  WARN 11164 --- [main] f.a.b.AcrossApplicationAutoConfiguration : - org.springframework.boot.autoconfigure.cache.CacheAutoConfiguration
2023-07-20 12:42:12.452  WARN 11164 --- [main] f.a.b.AcrossApplicationAutoConfiguration : - org.springframework.cloud.stream.config.BindingServiceConfiguration
2023-07-20 12:42:12.452  WARN 11164 --- [main] f.a.b.AcrossApplicationAutoConfiguration : - org.springframework.cloud.stream.config.BindersHealthIndicatorAutoConfiguration
2023-07-20 12:42:12.454  WARN 11164 --- [main] f.a.b.AcrossApplicationAutoConfiguration : - org.springframework.boot.actuate.autoconfigure.health.HealthContributorAutoConfiguration
2023-07-20 12:42:12.454  WARN 11164 --- [main] f.a.b.AcrossApplicationAutoConfiguration : - org.springframework.boot.autoconfigure.integration.IntegrationAutoConfiguration
2023-07-20 12:42:12.454  WARN 11164 --- [main] f.a.b.AcrossApplicationAutoConfiguration : - org.springframework.boot.actuate.autoconfigure.integration.IntegrationGraphEndpointAutoConfiguration
2023-07-20 12:42:12.454  WARN 11164 --- [main] f.a.b.AcrossApplicationAutoConfiguration : - org.springframework.boot.actuate.autoconfigure.jdbc.DataSourceHealthContributorAutoConfiguration
2023-07-20 12:42:12.454  WARN 11164 --- [main] f.a.b.AcrossApplicationAutoConfiguration : - org.springframework.boot.actuate.autoconfigure.mail.MailHealthContributorAutoConfiguration
2023-07-20 12:42:12.454  WARN 11164 --- [main] f.a.b.AcrossApplicationAutoConfiguration : - org.springframework.boot.actuate.autoconfigure.metrics.KafkaMetricsAutoConfiguration
2023-07-20 12:42:12.454  WARN 11164 --- [main] f.a.b.AcrossApplicationAutoConfiguration : - org.springframework.boot.actuate.autoconfigure.metrics.web.client.HttpClientMetricsAutoConfiguration
2023-07-20 12:42:12.454  WARN 11164 --- [main] f.a.b.AcrossApplicationAutoConfiguration : - org.springframework.boot.actuate.autoconfigure.security.servlet.ManagementWebSecurityAutoConfiguration
2023-07-20 12:42:12.455  WARN 11164 --- [main] f.a.b.AcrossApplicationAutoConfiguration : - org.springframework.boot.autoconfigure.context.LifecycleAutoConfiguration
2023-07-20 12:42:12.455  WARN 11164 --- [main] f.a.b.AcrossApplicationAutoConfiguration : - org.springframework.boot.autoconfigure.jooq.JooqAutoConfiguration
2023-07-20 12:42:12.455  WARN 11164 --- [main] f.a.b.AcrossApplicationAutoConfiguration : - org.springframework.boot.autoconfigure.kafka.KafkaAutoConfiguration
2023-07-20 12:42:12.455  WARN 11164 --- [main] f.a.b.AcrossApplicationAutoConfiguration : - org.springframework.boot.autoconfigure.quartz.QuartzAutoConfiguration
2023-07-20 12:42:12.455  WARN 11164 --- [main] f.a.b.AcrossApplicationAutoConfiguration : - org.springframework.boot.autoconfigure.security.reactive.ReactiveUserDetailsServiceAutoConfiguration
2023-07-20 12:42:12.456  WARN 11164 --- [main] f.a.b.AcrossApplicationAutoConfiguration : - org.springframework.boot.autoconfigure.security.servlet.SecurityAutoConfiguration
2023-07-20 12:42:12.456  WARN 11164 --- [main] f.a.b.AcrossApplicationAutoConfiguration : - org.springframework.boot.autoconfigure.security.servlet.SecurityFilterAutoConfiguration
2023-07-20 12:42:12.456  WARN 11164 --- [main] f.a.b.AcrossApplicationAutoConfiguration : - org.springframework.boot.autoconfigure.security.servlet.UserDetailsServiceAutoConfiguration
2023-07-20 12:42:12.456  WARN 11164 --- [main] f.a.b.AcrossApplicationAutoConfiguration : - org.springframework.boot.autoconfigure.task.TaskSchedulingAutoConfiguration
2023-07-20 12:42:12.456  WARN 11164 --- [main] f.a.b.AcrossApplicationAutoConfiguration : - org.springframework.cloud.function.context.config.ContextFunctionCatalogAutoConfiguration
2023-07-20 12:42:12.456  WARN 11164 --- [main] f.a.b.AcrossApplicationAutoConfiguration : - org.springframework.cloud.stream.binder.kafka.config.ExtendedBindingHandlerMappingsProviderConfiguration
2023-07-20 12:42:12.456  WARN 11164 --- [main] f.a.b.AcrossApplicationAutoConfiguration : - org.springframework.cloud.stream.config.BindingsEndpointAutoConfiguration
2023-07-20 12:42:12.456  WARN 11164 --- [main] f.a.b.AcrossApplicationAutoConfiguration : - org.springframework.cloud.stream.config.ChannelBindingAutoConfiguration
2023-07-20 12:42:12.456  WARN 11164 --- [main] f.a.b.AcrossApplicationAutoConfiguration : - org.springframework.cloud.stream.config.ChannelsEndpointAutoConfiguration
2023-07-20 12:42:12.456  WARN 11164 --- [main] f.a.b.AcrossApplicationAutoConfiguration : - org.springframework.cloud.stream.function.FunctionConfiguration
2023-07-20 12:42:12.457  WARN 11164 --- [main] f.a.b.AcrossApplicationAutoConfiguration : - org.springframework.cloud.stream.schema.avro.AvroMessageConverterAutoConfiguration
2023-07-20 12:42:12.457  WARN 11164 --- [main] f.a.b.AcrossApplicationAutoConfiguration : Consider adding them to a META-INF/across.configuration.
2023-07-20 12:42:12.457  WARN 11164 --- [main] f.a.b.AcrossApplicationAutoConfiguration : --- End Across AutoConfiguration Report ---
2023-07-20 12:42:12.457  WARN 11164 --- [main] f.a.b.AcrossApplicationAutoConfiguration : 
2023-07-20 12:42:12.691  INFO 11164 --- [main] .a.c.ApplicationAutoConfigurationPackage : Disabling @AutoConfigurationPackage on the root package - Across applications support only the application module
2023-07-20 12:42:12.702  WARN 11164 --- [main] o.s.b.a.AutoConfigurationPackages        : @EnableAutoConfiguration was declared on a class in the default package. Automatic @Repository and @Entity scanning is not enabled.
2023-07-20 12:42:13.228  INFO 11164 --- [main] o.s.b.w.embedded.tomcat.TomcatWebServer  : Tomcat initialized with port(s): 8088 (http)
2023-07-20 12:42:13.239  INFO 11164 --- [main] o.apache.catalina.core.StandardService   : Starting service [Tomcat]
2023-07-20 12:42:13.240  INFO 11164 --- [main] org.apache.catalina.core.StandardEngine  : Starting Servlet engine: [Apache Tomcat/9.0.39]
2023-07-20 12:42:13.293  INFO 11164 --- [main] o.a.c.c.C.[Tomcat].[localhost].[/]       : Initializing Spring embedded WebApplicationContext
2023-07-20 12:42:13.293  INFO 11164 --- [main] w.s.c.ServletWebServerApplicationContext : Root WebApplicationContext: initialization completed in 1612 ms
2023-07-20 12:42:13.358  INFO 11164 --- [main] c.f.a.config.AcrossContextConfiguration  : Single datasource bean found - registering it as the AcrossContext datasource.
2023-07-20 12:42:13.546  INFO 11164 --- [main] c.f.a.c.AcrossDynamicModulesConfigurer   : Adding package based APPLICATION module HepatitisModuleApplicationModule, resources: hepatitisModule, base package: org.lamisplus.modules.hepatitis.application
2023-07-20 12:42:13.569  INFO 11164 --- [main] c.f.a.c.c.bootstrap.AcrossBootstrapper   : ---
2023-07-20 12:42:13.569  INFO 11164 --- [main] c.f.a.c.c.bootstrap.AcrossBootstrapper   : AcrossContext: HepatitisModule (AcrossContext-1)
2023-07-20 12:42:13.569  INFO 11164 --- [main] c.f.a.c.c.bootstrap.AcrossBootstrapper   : Bootstrapping 6 modules in the following order:
2023-07-20 12:42:13.569  INFO 11164 --- [main] c.f.a.c.c.bootstrap.AcrossBootstrapper   : 1 - AcrossContextInfrastructureModule 5.1.0.RELEASE [resources: AcrossContextInfrastructureModule]
2023-07-20 12:42:13.569  INFO 11164 --- [main] c.f.a.c.c.bootstrap.AcrossBootstrapper   : 2 - AcrossHibernateJpaModule 4.1.0.RELEASE [resources: AcrossHibernateJpaModule]
2023-07-20 12:42:13.569  INFO 11164 --- [main] c.f.a.c.c.bootstrap.AcrossBootstrapper   : 3 - AcrossWebModule 5.1.0.RELEASE [resources: ]
2023-07-20 12:42:13.569  INFO 11164 --- [main] c.f.a.c.c.bootstrap.AcrossBootstrapper   : 4 - HepatitisModule NO_VERSION [resources: HepatitisModule]
2023-07-20 12:42:13.569  INFO 11164 --- [main] c.f.a.c.c.bootstrap.AcrossBootstrapper   : 5 - HepatitisModuleApplicationModule dynamic-module [resources: hepatitisModule]
2023-07-20 12:42:13.569  INFO 11164 --- [main] c.f.a.c.c.bootstrap.AcrossBootstrapper   : 6 - AcrossContextPostProcessorModule 5.1.0.RELEASE [resources: AcrossContextPostProcessorModule]
2023-07-20 12:42:13.569  INFO 11164 --- [main] c.f.a.c.c.bootstrap.AcrossBootstrapper   : ---
2023-07-20 12:42:13.634  INFO 11164 --- [main] c.f.across.core.config.AcrossConfig      : Creating a default ConversionService as no valid bean 'conversionService' is present
2023-07-20 12:42:13.854  INFO 11164 --- [main] com.zaxxer.hikari.HikariDataSource       : HikariPool-1 - Starting...
2023-07-20 12:42:14.266  INFO 11164 --- [main] com.zaxxer.hikari.HikariDataSource       : HikariPool-1 - Start completed.
2023-07-20 12:42:14.314  INFO 11164 --- [main] c.f.a.c.c.bootstrap.AcrossBootstrapper   : 
2023-07-20 12:42:14.315  INFO 11164 --- [main] c.f.a.c.c.bootstrap.AcrossBootstrapper   : --- Starting module bootstrap
2023-07-20 12:42:14.318  INFO 11164 --- [main] c.f.a.c.c.bootstrap.AcrossBootstrapper   : 
2023-07-20 12:42:14.318  INFO 11164 --- [main] c.f.a.c.c.bootstrap.AcrossBootstrapper   :  1 - AcrossContextInfrastructureModule 5.1.0.RELEASE [resources: AcrossContextInfrastructureModule]
2023-07-20 12:42:14.318  INFO 11164 --- [main] c.f.a.c.c.bootstrap.AcrossBootstrapper   :      class com.foreach.across.core.AcrossContextConfigurationModule
2023-07-20 12:42:14.318  INFO 11164 --- [main] c.f.a.c.c.bootstrap.AcrossBootstrapper   : 
2023-07-20 12:42:14.319  INFO 11164 --- [main] c.f.a.c.c.bootstrap.AcrossBootstrapper   :      Nothing to be done - skipping module bootstrap
2023-07-20 12:42:14.319  INFO 11164 --- [main] c.f.a.c.c.bootstrap.AcrossBootstrapper   : 
2023-07-20 12:42:14.320  INFO 11164 --- [main] c.f.a.c.c.bootstrap.AcrossBootstrapper   :  2 - AcrossHibernateJpaModule 4.1.0.RELEASE [resources: AcrossHibernateJpaModule]
2023-07-20 12:42:14.320  INFO 11164 --- [main] c.f.a.c.c.bootstrap.AcrossBootstrapper   :      class com.foreach.across.modules.hibernate.jpa.AcrossHibernateJpaModule
2023-07-20 12:42:14.320  INFO 11164 --- [main] c.f.a.c.c.bootstrap.AcrossBootstrapper   : 
2023-07-20 12:42:14.472  INFO 11164 --- [main] c.f.a.c.d.AcrossDevelopmentMode          : Across development mode active: false
2023-07-20 12:42:14.594  INFO 11164 --- [main] c.f.a.m.h.j.c.HibernateJpaConfiguration  : Resolving datasource bean acrossDataSource for the EntityManagerFactory
2023-07-20 12:42:14.669  INFO 11164 --- [main] o.hibernate.jpa.internal.util.LogHelper  : HHH000204: Processing PersistenceUnitInfo [
	name: AcrossHibernateJpaModule
	...]
2023-07-20 12:42:14.814  INFO 11164 --- [main] org.hibernate.Version                    : HHH000412: Hibernate Core {5.4.0.Final}
2023-07-20 12:42:14.817  INFO 11164 --- [main] org.hibernate.cfg.Environment            : HHH000206: hibernate.properties not found
2023-07-20 12:42:15.055  INFO 11164 --- [main] o.hibernate.annotations.common.Version   : HCANN000001: Hibernate Commons Annotations {5.1.0.Final}
2023-07-20 12:42:15.230  INFO 11164 --- [main] org.hibernate.dialect.Dialect            : HHH000400: Using dialect: org.hibernate.dialect.PostgreSQL95Dialect
2023-07-20 12:42:15.345  INFO 11164 --- [main] org.hibernate.type.BasicTypeRegistry     : HHH000270: Type registration [java.util.UUID] overrides previous : org.hibernate.type.UUIDBinaryType@1ff542a3
2023-07-20 12:42:15.579  WARN 11164 --- [main] Hypersistence Optimizer                  : You should use Hypersistence Optimizer to speed up your Hibernate application!
2023-07-20 12:42:15.579  WARN 11164 --- [main] Hypersistence Optimizer                  : For more details, go to https://vladmihalcea.com/hypersistence-optimizer/
2023-07-20 12:42:15.580  INFO 11164 --- [main] Hypersistence Optimizer                  : 
 _    _                           _     _
| |  | |                         (_)   | |
| |__| |_   _ _ __   ___ _ __ ___ _ ___| |_ ___ _ __   ___ ___
|  __  | | | | '_ \ / _ \ '__/ __| / __| __/ _ \ '_ \ / __/ _ \
| |  | | |_| | |_) |  __/ |  \__ \ \__ \ ||  __/ | | | (_|  __/
|_|  |_|\__, | .__/ \___|_|  |___/_|___/\__\___|_| |_|\___\___|
         __/ | |
        |___/|_|

           ____        _   _           _
          / __ \      | | (_)         (_)
         | |  | |_ __ | |_ _ _ __ ___  _ _______ _ __
         | |  | | '_ \| __| | '_ ` _ \| |_  / _ \ '__|
         | |__| | |_) | |_| | | | | | | |/ /  __/ |
          \____/| .__/ \__|_|_| |_| |_|_/___\___|_|
                | |
                |_|

2023-07-20 12:42:16.766  INFO 11164 --- [main] o.h.e.t.j.p.i.JtaPlatformInitiator       : HHH000490: Using JtaPlatform implementation: [org.hibernate.engine.transaction.jta.platform.internal.NoJtaPlatform]
2023-07-20 12:42:16.770  INFO 11164 --- [main] j.LocalContainerEntityManagerFactoryBean : Initialized JPA EntityManagerFactory for persistence unit 'AcrossHibernateJpaModule'
2023-07-20 12:42:16.828  INFO 11164 --- [main] c.f.a.c.c.bootstrap.AcrossBootstrapper   : 
2023-07-20 12:42:16.828  INFO 11164 --- [main] c.f.a.c.c.bootstrap.AcrossBootstrapper   :  3 - AcrossWebModule 5.1.0.RELEASE [resources: ]
2023-07-20 12:42:16.828  INFO 11164 --- [main] c.f.a.c.c.bootstrap.AcrossBootstrapper   :      class com.foreach.across.modules.web.AcrossWebModule
2023-07-20 12:42:16.828  INFO 11164 --- [main] c.f.a.c.c.bootstrap.AcrossBootstrapper   : 
2023-07-20 12:42:17.095  INFO 11164 --- [main] f.a.m.w.c.ConversionServiceConfiguration : Using the default ConversionService as mvcConversionService
2023-07-20 12:42:17.432  INFO 11164 --- [main] c.f.a.c.c.bootstrap.AcrossBootstrapper   : 
2023-07-20 12:42:17.432  INFO 11164 --- [main] c.f.a.c.c.bootstrap.AcrossBootstrapper   :  4 - HepatitisModule NO_VERSION [resources: HepatitisModule]
2023-07-20 12:42:17.433  INFO 11164 --- [main] c.f.a.c.c.bootstrap.AcrossBootstrapper   :      class org.lamisplus.modules.hepatitis.HepatitisModule$$EnhancerBySpringCGLIB$$7b8a44e1
2023-07-20 12:42:17.433  INFO 11164 --- [main] c.f.a.c.c.bootstrap.AcrossBootstrapper   : 
2023-07-20 12:42:17.489  INFO 11164 --- [main] .s.d.r.c.RepositoryConfigurationDelegate : Bootstrapping Spring Data JPA repositories in DEFAULT mode.
2023-07-20 12:42:17.505  INFO 11164 --- [main] .s.d.r.c.RepositoryConfigurationDelegate : Finished Spring Data repository scanning in 7ms. Found 0 JPA repository interfaces.
2023-07-20 12:42:17.538  WARN 11164 --- [main] c.f.a.c.c.w.AcrossWebApplicationContext  : Exception encountered during context initialization - cancelling refresh attempt: org.springframework.beans.factory.UnsatisfiedDependencyException: Error creating bean with name 'hepatitisEnrollmentController' defined in file [C:\lamisplus\Hepatitis-module\target\classes\org\lamisplus\modules\hepatitis\controller\HepatitisEnrollmentController.class]: Unsatisfied dependency expressed through constructor parameter 0; nested exception is org.springframework.beans.factory.UnsatisfiedDependencyException: Error creating bean with name 'hepatitisServiceImplementation' defined in file [C:\lamisplus\Hepatitis-module\target\classes\org\lamisplus\modules\hepatitis\service\implementations\HepatitisServiceImplementation.class]: Unsatisfied dependency expressed through constructor parameter 0; nested exception is org.springframework.beans.factory.NoSuchBeanDefinitionException: No qualifying bean of type 'org.lamisplus.modules.hepatitis.repository.EnrollmentRepository' available: expected at least 1 bean which qualifies as autowire candidate. Dependency annotations: {}
2023-07-20 12:42:17.540 ERROR 11164 --- [main] o.s.b.web.embedded.tomcat.TomcatStarter  : Error starting Tomcat context. Exception: org.springframework.beans.factory.BeanCreationException. Message: Error creating bean with name 'acrossContext' defined in com.foreach.across.config.AcrossContextConfiguration: Bean instantiation via factory method failed; nested exception is org.springframework.beans.BeanInstantiationException: Failed to instantiate [com.foreach.across.core.AcrossContext]: Factory method 'acrossContext' threw exception; nested exception is com.foreach.across.core.context.bootstrap.AcrossBootstrapException: Across module bootstrap failed: HepatitisModule
2023-07-20 12:42:17.561  INFO 11164 --- [main] o.apache.catalina.core.StandardService   : Stopping service [Tomcat]
2023-07-20 12:42:17.564  WARN 11164 --- [main] o.a.c.loader.WebappClassLoaderBase       : The web application [ROOT] appears to have started a thread named [HikariPool-1 housekeeper] but has failed to stop it. This is very likely to create a memory leak. Stack trace of thread:
 sun.misc.Unsafe.park(Native Method)
 java.util.concurrent.locks.LockSupport.parkNanos(LockSupport.java:215)
 java.util.concurrent.locks.AbstractQueuedSynchronizer$ConditionObject.awaitNanos(AbstractQueuedSynchronizer.java:2078)
 java.util.concurrent.ScheduledThreadPoolExecutor$DelayedWorkQueue.take(ScheduledThreadPoolExecutor.java:1093)
 java.util.concurrent.ScheduledThreadPoolExecutor$DelayedWorkQueue.take(ScheduledThreadPoolExecutor.java:809)
 java.util.concurrent.ThreadPoolExecutor.getTask(ThreadPoolExecutor.java:1074)
 java.util.concurrent.ThreadPoolExecutor.runWorker(ThreadPoolExecutor.java:1134)
 java.util.concurrent.ThreadPoolExecutor$Worker.run(ThreadPoolExecutor.java:624)
 java.lang.Thread.run(Thread.java:748)
2023-07-20 12:42:17.565  WARN 11164 --- [main] o.a.c.loader.WebappClassLoaderBase       : The web application [ROOT] appears to have started a thread named [HikariPool-1 connection adder] but has failed to stop it. This is very likely to create a memory leak. Stack trace of thread:
 sun.misc.Unsafe.park(Native Method)
 java.util.concurrent.locks.LockSupport.parkNanos(LockSupport.java:215)
 java.util.concurrent.locks.AbstractQueuedSynchronizer$ConditionObject.awaitNanos(AbstractQueuedSynchronizer.java:2078)
 java.util.concurrent.LinkedBlockingQueue.poll(LinkedBlockingQueue.java:467)
 java.util.concurrent.ThreadPoolExecutor.getTask(ThreadPoolExecutor.java:1073)
 java.util.concurrent.ThreadPoolExecutor.runWorker(ThreadPoolExecutor.java:1134)
 java.util.concurrent.ThreadPoolExecutor$Worker.run(ThreadPoolExecutor.java:624)
 java.lang.Thread.run(Thread.java:748)
2023-07-20 12:42:17.567  WARN 11164 --- [main] ConfigServletWebServerApplicationContext : Exception encountered during context initialization - cancelling refresh attempt: org.springframework.context.ApplicationContextException: Unable to start web server; nested exception is org.springframework.boot.web.server.WebServerException: Unable to start embedded Tomcat
2023-07-20 12:42:17.568  INFO 11164 --- [main] com.zaxxer.hikari.HikariDataSource       : HikariPool-1 - Shutdown initiated...
2023-07-20 12:42:17.573  INFO 11164 --- [main] com.zaxxer.hikari.HikariDataSource       : HikariPool-1 - Shutdown completed.
2023-07-20 12:42:17.585  INFO 11164 --- [main] ConditionEvaluationReportLoggingListener : 

Error starting ApplicationContext. To display the conditions report re-run your application with 'debug' enabled.
2023-07-20 12:42:17.590 ERROR 11164 --- [main] o.s.b.d.LoggingFailureAnalysisReporter   : 

***************************
APPLICATION FAILED TO START
***************************

Description:

An error occurred while bootstrapping module HepatitisModule.

Stacktrace:

org.springframework.beans.factory.UnsatisfiedDependencyException: Error creating bean with name 'hepatitisEnrollmentController' defined in file [C:\lamisplus\Hepatitis-module\target\classes\org\lamisplus\modules\hepatitis\controller\HepatitisEnrollmentController.class]: Unsatisfied dependency expressed through constructor parameter 0; nested exception is org.springframework.beans.factory.UnsatisfiedDependencyException: Error creating bean with name 'hepatitisServiceImplementation' defined in file [C:\lamisplus\Hepatitis-module\target\classes\org\lamisplus\modules\hepatitis\service\implementations\HepatitisServiceImplementation.class]: Unsatisfied dependency expressed through constructor parameter 0; nested exception is org.springframework.beans.factory.NoSuchBeanDefinitionException: No qualifying bean of type 'org.lamisplus.modules.hepatitis.repository.EnrollmentRepository' available: expected at least 1 bean which qualifies as autowire candidate. Dependency annotations: {}
	at org.springframework.beans.factory.support.ConstructorResolver.createArgumentArray(ConstructorResolver.java:797)
	at org.springframework.beans.factory.support.ConstructorResolver.autowireConstructor(ConstructorResolver.java:227)
	at org.springframework.beans.factory.support.AbstractAutowireCapableBeanFactory.autowireConstructor(AbstractAutowireCapableBeanFactory.java:1356)
	at org.springframework.beans.factory.support.AbstractAutowireCapableBeanFactory.createBeanInstance(AbstractAutowireCapableBeanFactory.java:1203)
	at org.springframework.beans.factory.support.AbstractAutowireCapableBeanFactory.doCreateBean(AbstractAutowireCapableBeanFactory.java:556)
	at com.foreach.across.core.context.AcrossListableBeanFactory.doCreateBean(AcrossListableBeanFactory.java:152)
	at org.springframework.beans.factory.support.AbstractAutowireCapableBeanFactory.createBean(AbstractAutowireCapableBeanFactory.java:516)
	at org.springframework.beans.factory.support.AbstractBeanFactory.lambda$doGetBean$0(AbstractBeanFactory.java:324)
	at org.springframework.beans.factory.support.DefaultSingletonBeanRegistry.getSingleton(DefaultSingletonBeanRegistry.java:234)
	at org.springframework.beans.factory.support.AbstractBeanFactory.doGetBean(AbstractBeanFactory.java:322)
	at com.foreach.across.core.context.AcrossListableBeanFactory.doGetBean(AcrossListableBeanFactory.java:254)
	at org.springframework.beans.factory.support.AbstractBeanFactory.getBean(AbstractBeanFactory.java:202)
	at org.springframework.beans.factory.support.DefaultListableBeanFactory.preInstantiateSingletons(DefaultListableBeanFactory.java:897)
	at org.springframework.context.support.AbstractApplicationContext.finishBeanFactoryInitialization(AbstractApplicationContext.java:879)
	at org.springframework.context.support.AbstractApplicationContext.refresh(AbstractApplicationContext.java:551)
	at com.foreach.across.core.context.bootstrap.AnnotationConfigBootstrapApplicationContextFactory.loadApplicationContext(AnnotationConfigBootstrapApplicationContextFactory.java:171)
	at com.foreach.across.core.context.bootstrap.AnnotationConfigBootstrapApplicationContextFactory.loadApplicationContext(AnnotationConfigBootstrapApplicationContextFactory.java:125)
	at com.foreach.across.core.context.bootstrap.AcrossBootstrapper.bootstrap(AcrossBootstrapper.java:226)
	at com.foreach.across.core.AcrossContext.bootstrap(AcrossContext.java:393)
	at com.foreach.across.config.AcrossContextConfiguration.acrossContext(AcrossContextConfiguration.java:113)
	at com.foreach.across.config.AcrossContextConfiguration$$EnhancerBySpringCGLIB$$4f04cc4.CGLIB$acrossContext$3(<generated>)
	at com.foreach.across.config.AcrossContextConfiguration$$EnhancerBySpringCGLIB$$4f04cc4$$FastClassBySpringCGLIB$$359e47b9.invoke(<generated>)
	at org.springframework.cglib.proxy.MethodProxy.invokeSuper(MethodProxy.java:244)
	at org.springframework.context.annotation.ConfigurationClassEnhancer$BeanMethodInterceptor.intercept(ConfigurationClassEnhancer.java:331)
	at com.foreach.across.config.AcrossContextConfiguration$$EnhancerBySpringCGLIB$$4f04cc4.acrossContext(<generated>)
	at sun.reflect.NativeMethodAccessorImpl.invoke0(Native Method)
	at sun.reflect.NativeMethodAccessorImpl.invoke(NativeMethodAccessorImpl.java:62)
	at sun.reflect.DelegatingMethodAccessorImpl.invoke(DelegatingMethodAccessorImpl.java:43)
	at java.lang.reflect.Method.invoke(Method.java:498)
	at org.springframework.beans.factory.support.SimpleInstantiationStrategy.instantiate(SimpleInstantiationStrategy.java:154)
	at org.springframework.beans.factory.support.ConstructorResolver.instantiate(ConstructorResolver.java:650)
	at org.springframework.beans.factory.support.ConstructorResolver.instantiateUsingFactoryMethod(ConstructorResolver.java:635)
	at org.springframework.beans.factory.support.AbstractAutowireCapableBeanFactory.instantiateUsingFactoryMethod(AbstractAutowireCapableBeanFactory.java:1336)
	at org.springframework.beans.factory.support.AbstractAutowireCapableBeanFactory.createBeanInstance(AbstractAutowireCapableBeanFactory.java:1176)
	at org.springframework.beans.factory.support.AbstractAutowireCapableBeanFactory.doCreateBean(AbstractAutowireCapableBeanFactory.java:556)
	at org.springframework.beans.factory.support.AbstractAutowireCapableBeanFactory.createBean(AbstractAutowireCapableBeanFactory.java:516)
	at org.springframework.beans.factory.support.AbstractBeanFactory.lambda$doGetBean$0(AbstractBeanFactory.java:324)
	at org.springframework.beans.factory.support.DefaultSingletonBeanRegistry.getSingleton(DefaultSingletonBeanRegistry.java:234)
	at org.springframework.beans.factory.support.AbstractBeanFactory.doGetBean(AbstractBeanFactory.java:322)
	at org.springframework.beans.factory.support.AbstractBeanFactory.getBean(AbstractBeanFactory.java:227)
	at org.springframework.beans.factory.support.DefaultListableBeanFactory.resolveNamedBean(DefaultListableBeanFactory.java:1175)
	at org.springframework.beans.factory.support.DefaultListableBeanFactory.resolveBean(DefaultListableBeanFactory.java:420)
	at org.springframework.beans.factory.support.DefaultListableBeanFactory.getBean(DefaultListableBeanFactory.java:349)
	at org.springframework.beans.factory.support.DefaultListableBeanFactory.getBean(DefaultListableBeanFactory.java:342)
	at org.springframework.context.support.AbstractApplicationContext.getBean(AbstractApplicationContext.java:1127)
	at com.foreach.across.config.AcrossServletContextInitializer.onStartup(AcrossServletContextInitializer.java:82)
	at org.springframework.boot.web.servlet.context.ServletWebServerApplicationContext.selfInitialize(ServletWebServerApplicationContext.java:230)
	at org.springframework.boot.web.embedded.tomcat.TomcatStarter.onStartup(TomcatStarter.java:53)
	at org.apache.catalina.core.StandardContext.startInternal(StandardContext.java:5166)
	at org.apache.catalina.util.LifecycleBase.start(LifecycleBase.java:183)
	at org.apache.catalina.core.ContainerBase$StartChild.call(ContainerBase.java:1384)
	at org.apache.catalina.core.ContainerBase$StartChild.call(ContainerBase.java:1374)
	at java.util.concurrent.FutureTask.run(FutureTask.java:266)
	at org.apache.tomcat.util.threads.InlineExecutorService.execute(InlineExecutorService.java:75)
	at java.util.concurrent.AbstractExecutorService.submit(AbstractExecutorService.java:134)
	at org.apache.catalina.core.ContainerBase.startInternal(ContainerBase.java:909)
	at org.apache.catalina.core.StandardHost.startInternal(StandardHost.java:843)
	at org.apache.catalina.util.LifecycleBase.start(LifecycleBase.java:183)
	at org.apache.catalina.core.ContainerBase$StartChild.call(ContainerBase.java:1384)
	at org.apache.catalina.core.ContainerBase$StartChild.call(ContainerBase.java:1374)
	at java.util.concurrent.FutureTask.run(FutureTask.java:266)
	at org.apache.tomcat.util.threads.InlineExecutorService.execute(InlineExecutorService.java:75)
	at java.util.concurrent.AbstractExecutorService.submit(AbstractExecutorService.java:134)
	at org.apache.catalina.core.ContainerBase.startInternal(ContainerBase.java:909)
	at org.apache.catalina.core.StandardEngine.startInternal(StandardEngine.java:262)
	at org.apache.catalina.util.LifecycleBase.start(LifecycleBase.java:183)
	at org.apache.catalina.core.StandardService.startInternal(StandardService.java:421)
	at org.apache.catalina.util.LifecycleBase.start(LifecycleBase.java:183)
	at org.apache.catalina.core.StandardServer.startInternal(StandardServer.java:930)
	at org.apache.catalina.util.LifecycleBase.start(LifecycleBase.java:183)
	at org.apache.catalina.startup.Tomcat.start(Tomcat.java:486)
	at org.springframework.boot.web.embedded.tomcat.TomcatWebServer.initialize(TomcatWebServer.java:123)
	at org.springframework.boot.web.embedded.tomcat.TomcatWebServer.<init>(TomcatWebServer.java:104)
	at org.springframework.boot.web.embedded.tomcat.TomcatServletWebServerFactory.getTomcatWebServer(TomcatServletWebServerFactory.java:440)
	at org.springframework.boot.web.embedded.tomcat.TomcatServletWebServerFactory.getWebServer(TomcatServletWebServerFactory.java:193)
	at org.springframework.boot.web.servlet.context.ServletWebServerApplicationContext.createWebServer(ServletWebServerApplicationContext.java:178)
	at org.springframework.boot.web.servlet.context.ServletWebServerApplicationContext.onRefresh(ServletWebServerApplicationContext.java:158)
	at org.springframework.context.support.AbstractApplicationContext.refresh(AbstractApplicationContext.java:545)
	at org.springframework.boot.web.servlet.context.ServletWebServerApplicationContext.refresh(ServletWebServerApplicationContext.java:143)
	at org.springframework.boot.SpringApplication.refresh(SpringApplication.java:758)
	at org.springframework.boot.SpringApplication.refresh(SpringApplication.java:750)
	at org.springframework.boot.SpringApplication.refreshContext(SpringApplication.java:405)
	at org.springframework.boot.SpringApplication.run(SpringApplication.java:315)
	at org.springframework.boot.SpringApplication.run(SpringApplication.java:1237)
	at org.springframework.boot.SpringApplication.run(SpringApplication.java:1226)
	at org.lamisplus.modules.hepatitis.HepatitisModule.main(HepatitisModule.java:35)
Caused by: org.springframework.beans.factory.UnsatisfiedDependencyException: Error creating bean with name 'hepatitisServiceImplementation' defined in file [C:\lamisplus\Hepatitis-module\target\classes\org\lamisplus\modules\hepatitis\service\implementations\HepatitisServiceImplementation.class]: Unsatisfied dependency expressed through constructor parameter 0; nested exception is org.springframework.beans.factory.NoSuchBeanDefinitionException: No qualifying bean of type 'org.lamisplus.modules.hepatitis.repository.EnrollmentRepository' available: expected at least 1 bean which qualifies as autowire candidate. Dependency annotations: {}
	at org.springframework.beans.factory.support.ConstructorResolver.createArgumentArray(ConstructorResolver.java:797)
	at org.springframework.beans.factory.support.ConstructorResolver.autowireConstructor(ConstructorResolver.java:227)
	at org.springframework.beans.factory.support.AbstractAutowireCapableBeanFactory.autowireConstructor(AbstractAutowireCapableBeanFactory.java:1356)
	at org.springframework.beans.factory.support.AbstractAutowireCapableBeanFactory.createBeanInstance(AbstractAutowireCapableBeanFactory.java:1203)
	at org.springframework.beans.factory.support.AbstractAutowireCapableBeanFactory.doCreateBean(AbstractAutowireCapableBeanFactory.java:556)
	at com.foreach.across.core.context.AcrossListableBeanFactory.doCreateBean(AcrossListableBeanFactory.java:152)
	at org.springframework.beans.factory.support.AbstractAutowireCapableBeanFactory.createBean(AbstractAutowireCapableBeanFactory.java:516)
	at org.springframework.beans.factory.support.AbstractBeanFactory.lambda$doGetBean$0(AbstractBeanFactory.java:324)
	at org.springframework.beans.factory.support.DefaultSingletonBeanRegistry.getSingleton(DefaultSingletonBeanRegistry.java:234)
	at org.springframework.beans.factory.support.AbstractBeanFactory.doGetBean(AbstractBeanFactory.java:322)
	at com.foreach.across.core.context.AcrossListableBeanFactory.doGetBean(AcrossListableBeanFactory.java:254)
	at org.springframework.beans.factory.support.AbstractBeanFactory.getBean(AbstractBeanFactory.java:202)
	at org.springframework.beans.factory.config.DependencyDescriptor.resolveCandidate(DependencyDescriptor.java:276)
	at org.springframework.beans.factory.support.DefaultListableBeanFactory.doResolveDependency(DefaultListableBeanFactory.java:1307)
	at com.foreach.across.core.context.AcrossListableBeanFactory.doResolveDependency(AcrossListableBeanFactory.java:236)
	at org.springframework.beans.factory.support.DefaultListableBeanFactory.resolveDependency(DefaultListableBeanFactory.java:1227)
	at org.springframework.beans.factory.support.ConstructorResolver.resolveAutowiredArgument(ConstructorResolver.java:884)
	at org.springframework.beans.factory.support.ConstructorResolver.createArgumentArray(ConstructorResolver.java:788)
	... 85 more
Caused by: org.springframework.beans.factory.NoSuchBeanDefinitionException: No qualifying bean of type 'org.lamisplus.modules.hepatitis.repository.EnrollmentRepository' available: expected at least 1 bean which qualifies as autowire candidate. Dependency annotations: {}
	at org.springframework.beans.factory.support.DefaultListableBeanFactory.raiseNoMatchingBeanFound(DefaultListableBeanFactory.java:1717)
	at org.springframework.beans.factory.support.DefaultListableBeanFactory.doResolveDependency(DefaultListableBeanFactory.java:1273)
	at com.foreach.across.core.context.AcrossListableBeanFactory.doResolveDependency(AcrossListableBeanFactory.java:236)
	at org.springframework.beans.factory.support.DefaultListableBeanFactory.resolveDependency(DefaultListableBeanFactory.java:1227)
	at org.springframework.beans.factory.support.ConstructorResolver.resolveAutowiredArgument(ConstructorResolver.java:884)
	at org.springframework.beans.factory.support.ConstructorResolver.createArgumentArray(ConstructorResolver.java:788)
	... 102 more



2023-07-20 12:56:02.858  INFO 10680 --- [main] o.l.modules.hepatitis.HepatitisModule    : Starting HepatitisModule on DESKTOP-P3FFB61 with PID 10680 (C:\lamisplus\Hepatitis-module\target\classes started by User in C:\lamisplus\Hepatitis-module)
2023-07-20 12:56:02.865  INFO 10680 --- [main] o.l.modules.hepatitis.HepatitisModule    : No active profile set, falling back to default profiles: default
2023-07-20 12:56:04.471  WARN 10680 --- [background-preinit] o.s.h.c.j.Jackson2ObjectMapperBuilder    : For Jackson Kotlin classes support please add "com.fasterxml.jackson.module:jackson-module-kotlin" to the classpath
2023-07-20 12:56:04.843  WARN 10680 --- [main] f.a.b.AcrossApplicationAutoConfiguration : 
2023-07-20 12:56:04.844  WARN 10680 --- [main] f.a.b.AcrossApplicationAutoConfiguration : --- Across AutoConfiguration Report ---
2023-07-20 12:56:04.844  WARN 10680 --- [main] f.a.b.AcrossApplicationAutoConfiguration : The following 52 auto-configuration classes have unknown Across support and were not added:
2023-07-20 12:56:04.846  WARN 10680 --- [main] f.a.b.AcrossApplicationAutoConfiguration : - org.springframework.boot.autoconfigure.task.TaskExecutionAutoConfiguration
2023-07-20 12:56:04.846  WARN 10680 --- [main] f.a.b.AcrossApplicationAutoConfiguration : - io.github.jhipster.config.JHipsterProperties
2023-07-20 12:56:04.847  WARN 10680 --- [main] f.a.b.AcrossApplicationAutoConfiguration : - io.github.jhipster.config.apidoc.SwaggerAutoConfiguration
2023-07-20 12:56:04.847  WARN 10680 --- [main] f.a.b.AcrossApplicationAutoConfiguration : - io.github.jhipster.config.apidoc.SwaggerPluginsAutoConfiguration
2023-07-20 12:56:04.847  WARN 10680 --- [main] f.a.b.AcrossApplicationAutoConfiguration : - io.github.jhipster.config.info.JHipsterInfoContributorConfiguration
2023-07-20 12:56:04.847  WARN 10680 --- [main] f.a.b.AcrossApplicationAutoConfiguration : - io.github.jhipster.config.metric.JHipsterLoggingMetricsExportConfiguration
2023-07-20 12:56:04.847  WARN 10680 --- [main] f.a.b.AcrossApplicationAutoConfiguration : - io.github.jhipster.config.metric.JHipsterMetricsEndpointConfiguration
2023-07-20 12:56:04.847  WARN 10680 --- [main] f.a.b.AcrossApplicationAutoConfiguration : - io.github.jhipster.security.ssl.UndertowSSLConfiguration
2023-07-20 12:56:04.848  WARN 10680 --- [main] f.a.b.AcrossApplicationAutoConfiguration : - io.github.jhipster.security.uaa.UaaAutoConfiguration
2023-07-20 12:56:04.848  WARN 10680 --- [main] f.a.b.AcrossApplicationAutoConfiguration : - io.github.resilience4j.bulkhead.autoconfigure.BulkheadAutoConfiguration
2023-07-20 12:56:04.848  WARN 10680 --- [main] f.a.b.AcrossApplicationAutoConfiguration : - io.github.resilience4j.bulkhead.autoconfigure.BulkheadMetricsAutoConfiguration
2023-07-20 12:56:04.848  WARN 10680 --- [main] f.a.b.AcrossApplicationAutoConfiguration : - io.github.resilience4j.bulkhead.autoconfigure.ThreadPoolBulkheadMetricsAutoConfiguration
2023-07-20 12:56:04.850  WARN 10680 --- [main] f.a.b.AcrossApplicationAutoConfiguration : - io.github.resilience4j.circuitbreaker.autoconfigure.CircuitBreakerAutoConfiguration
2023-07-20 12:56:04.850  WARN 10680 --- [main] f.a.b.AcrossApplicationAutoConfiguration : - io.github.resilience4j.circuitbreaker.autoconfigure.CircuitBreakerMetricsAutoConfiguration
2023-07-20 12:56:04.850  WARN 10680 --- [main] f.a.b.AcrossApplicationAutoConfiguration : - io.github.resilience4j.circuitbreaker.autoconfigure.CircuitBreakersHealthIndicatorAutoConfiguration
2023-07-20 12:56:04.850  WARN 10680 --- [main] f.a.b.AcrossApplicationAutoConfiguration : - io.github.resilience4j.ratelimiter.autoconfigure.RateLimiterAutoConfiguration
2023-07-20 12:56:04.850  WARN 10680 --- [main] f.a.b.AcrossApplicationAutoConfiguration : - io.github.resilience4j.ratelimiter.autoconfigure.RateLimiterMetricsAutoConfiguration
2023-07-20 12:56:04.851  WARN 10680 --- [main] f.a.b.AcrossApplicationAutoConfiguration : - io.github.resilience4j.ratelimiter.autoconfigure.RateLimitersHealthIndicatorAutoConfiguration
2023-07-20 12:56:04.851  WARN 10680 --- [main] f.a.b.AcrossApplicationAutoConfiguration : - io.github.resilience4j.retry.autoconfigure.RetryAutoConfiguration
2023-07-20 12:56:04.851  WARN 10680 --- [main] f.a.b.AcrossApplicationAutoConfiguration : - io.github.resilience4j.retry.autoconfigure.RetryMetricsAutoConfiguration
2023-07-20 12:56:04.851  WARN 10680 --- [main] f.a.b.AcrossApplicationAutoConfiguration : - io.github.resilience4j.scheduled.threadpool.autoconfigure.ContextAwareScheduledThreadPoolAutoConfiguration
2023-07-20 12:56:04.851  WARN 10680 --- [main] f.a.b.AcrossApplicationAutoConfiguration : - io.github.resilience4j.timelimiter.autoconfigure.TimeLimiterAutoConfiguration
2023-07-20 12:56:04.852  WARN 10680 --- [main] f.a.b.AcrossApplicationAutoConfiguration : - io.github.resilience4j.timelimiter.autoconfigure.TimeLimiterMetricsAutoConfiguration
2023-07-20 12:56:04.852  WARN 10680 --- [main] f.a.b.AcrossApplicationAutoConfiguration : - org.springframework.boot.actuate.autoconfigure.availability.AvailabilityHealthContributorAutoConfiguration
2023-07-20 12:56:04.852  WARN 10680 --- [main] f.a.b.AcrossApplicationAutoConfiguration : - org.springframework.boot.actuate.autoconfigure.availability.AvailabilityProbesAutoConfiguration
2023-07-20 12:56:04.852  WARN 10680 --- [main] f.a.b.AcrossApplicationAutoConfiguration : - org.springframework.boot.autoconfigure.cache.CacheAutoConfiguration
2023-07-20 12:56:04.853  WARN 10680 --- [main] f.a.b.AcrossApplicationAutoConfiguration : - org.springframework.cloud.stream.config.BindingServiceConfiguration
2023-07-20 12:56:04.853  WARN 10680 --- [main] f.a.b.AcrossApplicationAutoConfiguration : - org.springframework.cloud.stream.config.BindersHealthIndicatorAutoConfiguration
2023-07-20 12:56:04.853  WARN 10680 --- [main] f.a.b.AcrossApplicationAutoConfiguration : - org.springframework.boot.actuate.autoconfigure.health.HealthContributorAutoConfiguration
2023-07-20 12:56:04.853  WARN 10680 --- [main] f.a.b.AcrossApplicationAutoConfiguration : - org.springframework.boot.autoconfigure.integration.IntegrationAutoConfiguration
2023-07-20 12:56:04.854  WARN 10680 --- [main] f.a.b.AcrossApplicationAutoConfiguration : - org.springframework.boot.actuate.autoconfigure.integration.IntegrationGraphEndpointAutoConfiguration
2023-07-20 12:56:04.854  WARN 10680 --- [main] f.a.b.AcrossApplicationAutoConfiguration : - org.springframework.boot.actuate.autoconfigure.jdbc.DataSourceHealthContributorAutoConfiguration
2023-07-20 12:56:04.854  WARN 10680 --- [main] f.a.b.AcrossApplicationAutoConfiguration : - org.springframework.boot.actuate.autoconfigure.mail.MailHealthContributorAutoConfiguration
2023-07-20 12:56:04.854  WARN 10680 --- [main] f.a.b.AcrossApplicationAutoConfiguration : - org.springframework.boot.actuate.autoconfigure.metrics.KafkaMetricsAutoConfiguration
2023-07-20 12:56:04.854  WARN 10680 --- [main] f.a.b.AcrossApplicationAutoConfiguration : - org.springframework.boot.actuate.autoconfigure.metrics.web.client.HttpClientMetricsAutoConfiguration
2023-07-20 12:56:04.855  WARN 10680 --- [main] f.a.b.AcrossApplicationAutoConfiguration : - org.springframework.boot.actuate.autoconfigure.security.servlet.ManagementWebSecurityAutoConfiguration
2023-07-20 12:56:04.855  WARN 10680 --- [main] f.a.b.AcrossApplicationAutoConfiguration : - org.springframework.boot.autoconfigure.context.LifecycleAutoConfiguration
2023-07-20 12:56:04.855  WARN 10680 --- [main] f.a.b.AcrossApplicationAutoConfiguration : - org.springframework.boot.autoconfigure.jooq.JooqAutoConfiguration
2023-07-20 12:56:04.855  WARN 10680 --- [main] f.a.b.AcrossApplicationAutoConfiguration : - org.springframework.boot.autoconfigure.kafka.KafkaAutoConfiguration
2023-07-20 12:56:04.855  WARN 10680 --- [main] f.a.b.AcrossApplicationAutoConfiguration : - org.springframework.boot.autoconfigure.quartz.QuartzAutoConfiguration
2023-07-20 12:56:04.855  WARN 10680 --- [main] f.a.b.AcrossApplicationAutoConfiguration : - org.springframework.boot.autoconfigure.security.reactive.ReactiveUserDetailsServiceAutoConfiguration
2023-07-20 12:56:04.855  WARN 10680 --- [main] f.a.b.AcrossApplicationAutoConfiguration : - org.springframework.boot.autoconfigure.security.servlet.SecurityAutoConfiguration
2023-07-20 12:56:04.855  WARN 10680 --- [main] f.a.b.AcrossApplicationAutoConfiguration : - org.springframework.boot.autoconfigure.security.servlet.SecurityFilterAutoConfiguration
2023-07-20 12:56:04.855  WARN 10680 --- [main] f.a.b.AcrossApplicationAutoConfiguration : - org.springframework.boot.autoconfigure.security.servlet.UserDetailsServiceAutoConfiguration
2023-07-20 12:56:04.855  WARN 10680 --- [main] f.a.b.AcrossApplicationAutoConfiguration : - org.springframework.boot.autoconfigure.task.TaskSchedulingAutoConfiguration
2023-07-20 12:56:04.855  WARN 10680 --- [main] f.a.b.AcrossApplicationAutoConfiguration : - org.springframework.cloud.function.context.config.ContextFunctionCatalogAutoConfiguration
2023-07-20 12:56:04.855  WARN 10680 --- [main] f.a.b.AcrossApplicationAutoConfiguration : - org.springframework.cloud.stream.binder.kafka.config.ExtendedBindingHandlerMappingsProviderConfiguration
2023-07-20 12:56:04.856  WARN 10680 --- [main] f.a.b.AcrossApplicationAutoConfiguration : - org.springframework.cloud.stream.config.BindingsEndpointAutoConfiguration
2023-07-20 12:56:04.856  WARN 10680 --- [main] f.a.b.AcrossApplicationAutoConfiguration : - org.springframework.cloud.stream.config.ChannelBindingAutoConfiguration
2023-07-20 12:56:04.856  WARN 10680 --- [main] f.a.b.AcrossApplicationAutoConfiguration : - org.springframework.cloud.stream.config.ChannelsEndpointAutoConfiguration
2023-07-20 12:56:04.856  WARN 10680 --- [main] f.a.b.AcrossApplicationAutoConfiguration : - org.springframework.cloud.stream.function.FunctionConfiguration
2023-07-20 12:56:04.856  WARN 10680 --- [main] f.a.b.AcrossApplicationAutoConfiguration : - org.springframework.cloud.stream.schema.avro.AvroMessageConverterAutoConfiguration
2023-07-20 12:56:04.856  WARN 10680 --- [main] f.a.b.AcrossApplicationAutoConfiguration : Consider adding them to a META-INF/across.configuration.
2023-07-20 12:56:04.856  WARN 10680 --- [main] f.a.b.AcrossApplicationAutoConfiguration : --- End Across AutoConfiguration Report ---
2023-07-20 12:56:04.856  WARN 10680 --- [main] f.a.b.AcrossApplicationAutoConfiguration : 
2023-07-20 12:56:05.200  INFO 10680 --- [main] .a.c.ApplicationAutoConfigurationPackage : Disabling @AutoConfigurationPackage on the root package - Across applications support only the application module
2023-07-20 12:56:05.212  WARN 10680 --- [main] o.s.b.a.AutoConfigurationPackages        : @EnableAutoConfiguration was declared on a class in the default package. Automatic @Repository and @Entity scanning is not enabled.
2023-07-20 12:56:06.086  INFO 10680 --- [main] o.s.b.w.embedded.tomcat.TomcatWebServer  : Tomcat initialized with port(s): 8088 (http)
2023-07-20 12:56:06.105  INFO 10680 --- [main] o.apache.catalina.core.StandardService   : Starting service [Tomcat]
2023-07-20 12:56:06.106  INFO 10680 --- [main] org.apache.catalina.core.StandardEngine  : Starting Servlet engine: [Apache Tomcat/9.0.39]
2023-07-20 12:56:06.211  INFO 10680 --- [main] o.a.c.c.C.[Tomcat].[localhost].[/]       : Initializing Spring embedded WebApplicationContext
2023-07-20 12:56:06.212  INFO 10680 --- [main] w.s.c.ServletWebServerApplicationContext : Root WebApplicationContext: initialization completed in 3241 ms
2023-07-20 12:56:06.310  INFO 10680 --- [main] c.f.a.config.AcrossContextConfiguration  : Single datasource bean found - registering it as the AcrossContext datasource.
2023-07-20 12:56:06.703  INFO 10680 --- [main] c.f.a.c.AcrossDynamicModulesConfigurer   : Adding package based APPLICATION module HepatitisModuleApplicationModule, resources: hepatitisModule, base package: org.lamisplus.modules.hepatitis.application
2023-07-20 12:56:06.741  INFO 10680 --- [main] c.f.a.c.c.bootstrap.AcrossBootstrapper   : ---
2023-07-20 12:56:06.741  INFO 10680 --- [main] c.f.a.c.c.bootstrap.AcrossBootstrapper   : AcrossContext: HepatitisModule (AcrossContext-1)
2023-07-20 12:56:06.741  INFO 10680 --- [main] c.f.a.c.c.bootstrap.AcrossBootstrapper   : Bootstrapping 6 modules in the following order:
2023-07-20 12:56:06.741  INFO 10680 --- [main] c.f.a.c.c.bootstrap.AcrossBootstrapper   : 1 - AcrossContextInfrastructureModule 5.1.0.RELEASE [resources: AcrossContextInfrastructureModule]
2023-07-20 12:56:06.742  INFO 10680 --- [main] c.f.a.c.c.bootstrap.AcrossBootstrapper   : 2 - AcrossHibernateJpaModule 4.1.0.RELEASE [resources: AcrossHibernateJpaModule]
2023-07-20 12:56:06.742  INFO 10680 --- [main] c.f.a.c.c.bootstrap.AcrossBootstrapper   : 3 - AcrossWebModule 5.1.0.RELEASE [resources: ]
2023-07-20 12:56:06.742  INFO 10680 --- [main] c.f.a.c.c.bootstrap.AcrossBootstrapper   : 4 - HepatitisModule NO_VERSION [resources: HepatitisModule]
2023-07-20 12:56:06.742  INFO 10680 --- [main] c.f.a.c.c.bootstrap.AcrossBootstrapper   : 5 - HepatitisModuleApplicationModule dynamic-module [resources: hepatitisModule]
2023-07-20 12:56:06.742  INFO 10680 --- [main] c.f.a.c.c.bootstrap.AcrossBootstrapper   : 6 - AcrossContextPostProcessorModule 5.1.0.RELEASE [resources: AcrossContextPostProcessorModule]
2023-07-20 12:56:06.742  INFO 10680 --- [main] c.f.a.c.c.bootstrap.AcrossBootstrapper   : ---
2023-07-20 12:56:06.856  INFO 10680 --- [main] c.f.across.core.config.AcrossConfig      : Creating a default ConversionService as no valid bean 'conversionService' is present
2023-07-20 12:56:07.131  INFO 10680 --- [main] com.zaxxer.hikari.HikariDataSource       : HikariPool-1 - Starting...
2023-07-20 12:56:07.590  INFO 10680 --- [main] com.zaxxer.hikari.HikariDataSource       : HikariPool-1 - Start completed.
2023-07-20 12:56:07.631  INFO 10680 --- [main] c.f.a.c.c.bootstrap.AcrossBootstrapper   : 
2023-07-20 12:56:07.632  INFO 10680 --- [main] c.f.a.c.c.bootstrap.AcrossBootstrapper   : --- Starting module bootstrap
2023-07-20 12:56:07.635  INFO 10680 --- [main] c.f.a.c.c.bootstrap.AcrossBootstrapper   : 
2023-07-20 12:56:07.635  INFO 10680 --- [main] c.f.a.c.c.bootstrap.AcrossBootstrapper   :  1 - AcrossContextInfrastructureModule 5.1.0.RELEASE [resources: AcrossContextInfrastructureModule]
2023-07-20 12:56:07.636  INFO 10680 --- [main] c.f.a.c.c.bootstrap.AcrossBootstrapper   :      class com.foreach.across.core.AcrossContextConfigurationModule
2023-07-20 12:56:07.636  INFO 10680 --- [main] c.f.a.c.c.bootstrap.AcrossBootstrapper   : 
2023-07-20 12:56:07.637  INFO 10680 --- [main] c.f.a.c.c.bootstrap.AcrossBootstrapper   :      Nothing to be done - skipping module bootstrap
2023-07-20 12:56:07.638  INFO 10680 --- [main] c.f.a.c.c.bootstrap.AcrossBootstrapper   : 
2023-07-20 12:56:07.638  INFO 10680 --- [main] c.f.a.c.c.bootstrap.AcrossBootstrapper   :  2 - AcrossHibernateJpaModule 4.1.0.RELEASE [resources: AcrossHibernateJpaModule]
2023-07-20 12:56:07.638  INFO 10680 --- [main] c.f.a.c.c.bootstrap.AcrossBootstrapper   :      class com.foreach.across.modules.hibernate.jpa.AcrossHibernateJpaModule
2023-07-20 12:56:07.638  INFO 10680 --- [main] c.f.a.c.c.bootstrap.AcrossBootstrapper   : 
2023-07-20 12:56:07.798  INFO 10680 --- [main] c.f.a.c.d.AcrossDevelopmentMode          : Across development mode active: false
2023-07-20 12:56:07.920  INFO 10680 --- [main] c.f.a.m.h.j.c.HibernateJpaConfiguration  : Resolving datasource bean acrossDataSource for the EntityManagerFactory
2023-07-20 12:56:08.015  INFO 10680 --- [main] o.hibernate.jpa.internal.util.LogHelper  : HHH000204: Processing PersistenceUnitInfo [
	name: AcrossHibernateJpaModule
	...]
2023-07-20 12:56:08.144  INFO 10680 --- [main] org.hibernate.Version                    : HHH000412: Hibernate Core {5.4.0.Final}
2023-07-20 12:56:08.147  INFO 10680 --- [main] org.hibernate.cfg.Environment            : HHH000206: hibernate.properties not found
2023-07-20 12:56:08.418  INFO 10680 --- [main] o.hibernate.annotations.common.Version   : HCANN000001: Hibernate Commons Annotations {5.1.0.Final}
2023-07-20 12:56:08.633  INFO 10680 --- [main] org.hibernate.dialect.Dialect            : HHH000400: Using dialect: org.hibernate.dialect.PostgreSQL95Dialect
2023-07-20 12:56:08.768  INFO 10680 --- [main] org.hibernate.type.BasicTypeRegistry     : HHH000270: Type registration [java.util.UUID] overrides previous : org.hibernate.type.UUIDBinaryType@54387873
2023-07-20 12:56:09.279  WARN 10680 --- [main] Hypersistence Optimizer                  : You should use Hypersistence Optimizer to speed up your Hibernate application!
2023-07-20 12:56:09.279  WARN 10680 --- [main] Hypersistence Optimizer                  : For more details, go to https://vladmihalcea.com/hypersistence-optimizer/
2023-07-20 12:56:09.281  INFO 10680 --- [main] Hypersistence Optimizer                  : 
 _    _                           _     _
| |  | |                         (_)   | |
| |__| |_   _ _ __   ___ _ __ ___ _ ___| |_ ___ _ __   ___ ___
|  __  | | | | '_ \ / _ \ '__/ __| / __| __/ _ \ '_ \ / __/ _ \
| |  | | |_| | |_) |  __/ |  \__ \ \__ \ ||  __/ | | | (_|  __/
|_|  |_|\__, | .__/ \___|_|  |___/_|___/\__\___|_| |_|\___\___|
         __/ | |
        |___/|_|

           ____        _   _           _
          / __ \      | | (_)         (_)
         | |  | |_ __ | |_ _ _ __ ___  _ _______ _ __
         | |  | | '_ \| __| | '_ ` _ \| |_  / _ \ '__|
         | |__| | |_) | |_| | | | | | | |/ /  __/ |
          \____/| .__/ \__|_|_| |_| |_|_/___\___|_|
                | |
                |_|

2023-07-20 12:56:10.973  INFO 10680 --- [main] o.h.e.t.j.p.i.JtaPlatformInitiator       : HHH000490: Using JtaPlatform implementation: [org.hibernate.engine.transaction.jta.platform.internal.NoJtaPlatform]
2023-07-20 12:56:10.977  INFO 10680 --- [main] j.LocalContainerEntityManagerFactoryBean : Initialized JPA EntityManagerFactory for persistence unit 'AcrossHibernateJpaModule'
2023-07-20 12:56:11.040  INFO 10680 --- [main] c.f.a.c.c.bootstrap.AcrossBootstrapper   : 
2023-07-20 12:56:11.040  INFO 10680 --- [main] c.f.a.c.c.bootstrap.AcrossBootstrapper   :  3 - AcrossWebModule 5.1.0.RELEASE [resources: ]
2023-07-20 12:56:11.040  INFO 10680 --- [main] c.f.a.c.c.bootstrap.AcrossBootstrapper   :      class com.foreach.across.modules.web.AcrossWebModule
2023-07-20 12:56:11.040  INFO 10680 --- [main] c.f.a.c.c.bootstrap.AcrossBootstrapper   : 
2023-07-20 12:56:11.343  INFO 10680 --- [main] f.a.m.w.c.ConversionServiceConfiguration : Using the default ConversionService as mvcConversionService
2023-07-20 12:56:11.688  INFO 10680 --- [main] c.f.a.c.c.bootstrap.AcrossBootstrapper   : 
2023-07-20 12:56:11.688  INFO 10680 --- [main] c.f.a.c.c.bootstrap.AcrossBootstrapper   :  4 - HepatitisModule NO_VERSION [resources: HepatitisModule]
2023-07-20 12:56:11.688  INFO 10680 --- [main] c.f.a.c.c.bootstrap.AcrossBootstrapper   :      class org.lamisplus.modules.hepatitis.HepatitisModule$$EnhancerBySpringCGLIB$$8117236c
2023-07-20 12:56:11.688  INFO 10680 --- [main] c.f.a.c.c.bootstrap.AcrossBootstrapper   : 
2023-07-20 12:56:11.750  INFO 10680 --- [main] .s.d.r.c.RepositoryConfigurationDelegate : Bootstrapping Spring Data JPA repositories in DEFAULT mode.
2023-07-20 12:56:11.774  INFO 10680 --- [main] .s.d.r.c.RepositoryConfigurationDelegate : Finished Spring Data repository scanning in 9ms. Found 0 JPA repository interfaces.
2023-07-20 12:56:11.807  WARN 10680 --- [main] c.f.a.c.c.w.AcrossWebApplicationContext  : Exception encountered during context initialization - cancelling refresh attempt: org.springframework.beans.factory.UnsatisfiedDependencyException: Error creating bean with name 'hepatitisServiceImplementation' defined in file [C:\lamisplus\Hepatitis-module\target\classes\org\lamisplus\modules\hepatitis\service\implementations\HepatitisServiceImplementation.class]: Unsatisfied dependency expressed through constructor parameter 0; nested exception is org.springframework.beans.factory.NoSuchBeanDefinitionException: No qualifying bean of type 'org.lamisplus.modules.hepatitis.repository.EnrollmentRepository' available: expected at least 1 bean which qualifies as autowire candidate. Dependency annotations: {}
2023-07-20 12:56:11.810 ERROR 10680 --- [main] o.s.b.web.embedded.tomcat.TomcatStarter  : Error starting Tomcat context. Exception: org.springframework.beans.factory.BeanCreationException. Message: Error creating bean with name 'acrossContext' defined in com.foreach.across.config.AcrossContextConfiguration: Bean instantiation via factory method failed; nested exception is org.springframework.beans.BeanInstantiationException: Failed to instantiate [com.foreach.across.core.AcrossContext]: Factory method 'acrossContext' threw exception; nested exception is com.foreach.across.core.context.bootstrap.AcrossBootstrapException: Across module bootstrap failed: HepatitisModule
2023-07-20 12:56:11.834  INFO 10680 --- [main] o.apache.catalina.core.StandardService   : Stopping service [Tomcat]
2023-07-20 12:56:11.838  WARN 10680 --- [main] o.a.c.loader.WebappClassLoaderBase       : The web application [ROOT] appears to have started a thread named [HikariPool-1 housekeeper] but has failed to stop it. This is very likely to create a memory leak. Stack trace of thread:
 sun.misc.Unsafe.park(Native Method)
 java.util.concurrent.locks.LockSupport.parkNanos(LockSupport.java:215)
 java.util.concurrent.locks.AbstractQueuedSynchronizer$ConditionObject.awaitNanos(AbstractQueuedSynchronizer.java:2078)
 java.util.concurrent.ScheduledThreadPoolExecutor$DelayedWorkQueue.take(ScheduledThreadPoolExecutor.java:1093)
 java.util.concurrent.ScheduledThreadPoolExecutor$DelayedWorkQueue.take(ScheduledThreadPoolExecutor.java:809)
 java.util.concurrent.ThreadPoolExecutor.getTask(ThreadPoolExecutor.java:1074)
 java.util.concurrent.ThreadPoolExecutor.runWorker(ThreadPoolExecutor.java:1134)
 java.util.concurrent.ThreadPoolExecutor$Worker.run(ThreadPoolExecutor.java:624)
 java.lang.Thread.run(Thread.java:748)
2023-07-20 12:56:11.838  WARN 10680 --- [main] o.a.c.loader.WebappClassLoaderBase       : The web application [ROOT] appears to have started a thread named [HikariPool-1 connection adder] but has failed to stop it. This is very likely to create a memory leak. Stack trace of thread:
 sun.misc.Unsafe.park(Native Method)
 java.util.concurrent.locks.LockSupport.parkNanos(LockSupport.java:215)
 java.util.concurrent.locks.AbstractQueuedSynchronizer$ConditionObject.awaitNanos(AbstractQueuedSynchronizer.java:2078)
 java.util.concurrent.LinkedBlockingQueue.poll(LinkedBlockingQueue.java:467)
 java.util.concurrent.ThreadPoolExecutor.getTask(ThreadPoolExecutor.java:1073)
 java.util.concurrent.ThreadPoolExecutor.runWorker(ThreadPoolExecutor.java:1134)
 java.util.concurrent.ThreadPoolExecutor$Worker.run(ThreadPoolExecutor.java:624)
 java.lang.Thread.run(Thread.java:748)
2023-07-20 12:56:11.841  WARN 10680 --- [main] ConfigServletWebServerApplicationContext : Exception encountered during context initialization - cancelling refresh attempt: org.springframework.context.ApplicationContextException: Unable to start web server; nested exception is org.springframework.boot.web.server.WebServerException: Unable to start embedded Tomcat
2023-07-20 12:56:11.841  INFO 10680 --- [main] com.zaxxer.hikari.HikariDataSource       : HikariPool-1 - Shutdown initiated...
2023-07-20 12:56:11.848  INFO 10680 --- [main] com.zaxxer.hikari.HikariDataSource       : HikariPool-1 - Shutdown completed.
2023-07-20 12:56:11.859  INFO 10680 --- [main] ConditionEvaluationReportLoggingListener : 

Error starting ApplicationContext. To display the conditions report re-run your application with 'debug' enabled.
2023-07-20 12:56:11.866 ERROR 10680 --- [main] o.s.b.d.LoggingFailureAnalysisReporter   : 

***************************
APPLICATION FAILED TO START
***************************

Description:

An error occurred while bootstrapping module HepatitisModule.

Stacktrace:

org.springframework.beans.factory.UnsatisfiedDependencyException: Error creating bean with name 'hepatitisServiceImplementation' defined in file [C:\lamisplus\Hepatitis-module\target\classes\org\lamisplus\modules\hepatitis\service\implementations\HepatitisServiceImplementation.class]: Unsatisfied dependency expressed through constructor parameter 0; nested exception is org.springframework.beans.factory.NoSuchBeanDefinitionException: No qualifying bean of type 'org.lamisplus.modules.hepatitis.repository.EnrollmentRepository' available: expected at least 1 bean which qualifies as autowire candidate. Dependency annotations: {}
	at org.springframework.beans.factory.support.ConstructorResolver.createArgumentArray(ConstructorResolver.java:797)
	at org.springframework.beans.factory.support.ConstructorResolver.autowireConstructor(ConstructorResolver.java:227)
	at org.springframework.beans.factory.support.AbstractAutowireCapableBeanFactory.autowireConstructor(AbstractAutowireCapableBeanFactory.java:1356)
	at org.springframework.beans.factory.support.AbstractAutowireCapableBeanFactory.createBeanInstance(AbstractAutowireCapableBeanFactory.java:1203)
	at org.springframework.beans.factory.support.AbstractAutowireCapableBeanFactory.doCreateBean(AbstractAutowireCapableBeanFactory.java:556)
	at com.foreach.across.core.context.AcrossListableBeanFactory.doCreateBean(AcrossListableBeanFactory.java:152)
	at org.springframework.beans.factory.support.AbstractAutowireCapableBeanFactory.createBean(AbstractAutowireCapableBeanFactory.java:516)
	at org.springframework.beans.factory.support.AbstractBeanFactory.lambda$doGetBean$0(AbstractBeanFactory.java:324)
	at org.springframework.beans.factory.support.DefaultSingletonBeanRegistry.getSingleton(DefaultSingletonBeanRegistry.java:234)
	at org.springframework.beans.factory.support.AbstractBeanFactory.doGetBean(AbstractBeanFactory.java:322)
	at com.foreach.across.core.context.AcrossListableBeanFactory.doGetBean(AcrossListableBeanFactory.java:254)
	at org.springframework.beans.factory.support.AbstractBeanFactory.getBean(AbstractBeanFactory.java:202)
	at org.springframework.beans.factory.support.DefaultListableBeanFactory.preInstantiateSingletons(DefaultListableBeanFactory.java:897)
	at org.springframework.context.support.AbstractApplicationContext.finishBeanFactoryInitialization(AbstractApplicationContext.java:879)
	at org.springframework.context.support.AbstractApplicationContext.refresh(AbstractApplicationContext.java:551)
	at com.foreach.across.core.context.bootstrap.AnnotationConfigBootstrapApplicationContextFactory.loadApplicationContext(AnnotationConfigBootstrapApplicationContextFactory.java:171)
	at com.foreach.across.core.context.bootstrap.AnnotationConfigBootstrapApplicationContextFactory.loadApplicationContext(AnnotationConfigBootstrapApplicationContextFactory.java:125)
	at com.foreach.across.core.context.bootstrap.AcrossBootstrapper.bootstrap(AcrossBootstrapper.java:226)
	at com.foreach.across.core.AcrossContext.bootstrap(AcrossContext.java:393)
	at com.foreach.across.config.AcrossContextConfiguration.acrossContext(AcrossContextConfiguration.java:113)
	at com.foreach.across.config.AcrossContextConfiguration$$EnhancerBySpringCGLIB$$a7d2b4f.CGLIB$acrossContext$7(<generated>)
	at com.foreach.across.config.AcrossContextConfiguration$$EnhancerBySpringCGLIB$$a7d2b4f$$FastClassBySpringCGLIB$$34bec12b.invoke(<generated>)
	at org.springframework.cglib.proxy.MethodProxy.invokeSuper(MethodProxy.java:244)
	at org.springframework.context.annotation.ConfigurationClassEnhancer$BeanMethodInterceptor.intercept(ConfigurationClassEnhancer.java:331)
	at com.foreach.across.config.AcrossContextConfiguration$$EnhancerBySpringCGLIB$$a7d2b4f.acrossContext(<generated>)
	at sun.reflect.NativeMethodAccessorImpl.invoke0(Native Method)
	at sun.reflect.NativeMethodAccessorImpl.invoke(NativeMethodAccessorImpl.java:62)
	at sun.reflect.DelegatingMethodAccessorImpl.invoke(DelegatingMethodAccessorImpl.java:43)
	at java.lang.reflect.Method.invoke(Method.java:498)
	at org.springframework.beans.factory.support.SimpleInstantiationStrategy.instantiate(SimpleInstantiationStrategy.java:154)
	at org.springframework.beans.factory.support.ConstructorResolver.instantiate(ConstructorResolver.java:650)
	at org.springframework.beans.factory.support.ConstructorResolver.instantiateUsingFactoryMethod(ConstructorResolver.java:635)
	at org.springframework.beans.factory.support.AbstractAutowireCapableBeanFactory.instantiateUsingFactoryMethod(AbstractAutowireCapableBeanFactory.java:1336)
	at org.springframework.beans.factory.support.AbstractAutowireCapableBeanFactory.createBeanInstance(AbstractAutowireCapableBeanFactory.java:1176)
	at org.springframework.beans.factory.support.AbstractAutowireCapableBeanFactory.doCreateBean(AbstractAutowireCapableBeanFactory.java:556)
	at org.springframework.beans.factory.support.AbstractAutowireCapableBeanFactory.createBean(AbstractAutowireCapableBeanFactory.java:516)
	at org.springframework.beans.factory.support.AbstractBeanFactory.lambda$doGetBean$0(AbstractBeanFactory.java:324)
	at org.springframework.beans.factory.support.DefaultSingletonBeanRegistry.getSingleton(DefaultSingletonBeanRegistry.java:234)
	at org.springframework.beans.factory.support.AbstractBeanFactory.doGetBean(AbstractBeanFactory.java:322)
	at org.springframework.beans.factory.support.AbstractBeanFactory.getBean(AbstractBeanFactory.java:227)
	at org.springframework.beans.factory.support.DefaultListableBeanFactory.resolveNamedBean(DefaultListableBeanFactory.java:1175)
	at org.springframework.beans.factory.support.DefaultListableBeanFactory.resolveBean(DefaultListableBeanFactory.java:420)
	at org.springframework.beans.factory.support.DefaultListableBeanFactory.getBean(DefaultListableBeanFactory.java:349)
	at org.springframework.beans.factory.support.DefaultListableBeanFactory.getBean(DefaultListableBeanFactory.java:342)
	at org.springframework.context.support.AbstractApplicationContext.getBean(AbstractApplicationContext.java:1127)
	at com.foreach.across.config.AcrossServletContextInitializer.onStartup(AcrossServletContextInitializer.java:82)
	at org.springframework.boot.web.servlet.context.ServletWebServerApplicationContext.selfInitialize(ServletWebServerApplicationContext.java:230)
	at org.springframework.boot.web.embedded.tomcat.TomcatStarter.onStartup(TomcatStarter.java:53)
	at org.apache.catalina.core.StandardContext.startInternal(StandardContext.java:5166)
	at org.apache.catalina.util.LifecycleBase.start(LifecycleBase.java:183)
	at org.apache.catalina.core.ContainerBase$StartChild.call(ContainerBase.java:1384)
	at org.apache.catalina.core.ContainerBase$StartChild.call(ContainerBase.java:1374)
	at java.util.concurrent.FutureTask.run(FutureTask.java:266)
	at org.apache.tomcat.util.threads.InlineExecutorService.execute(InlineExecutorService.java:75)
	at java.util.concurrent.AbstractExecutorService.submit(AbstractExecutorService.java:134)
	at org.apache.catalina.core.ContainerBase.startInternal(ContainerBase.java:909)
	at org.apache.catalina.core.StandardHost.startInternal(StandardHost.java:843)
	at org.apache.catalina.util.LifecycleBase.start(LifecycleBase.java:183)
	at org.apache.catalina.core.ContainerBase$StartChild.call(ContainerBase.java:1384)
	at org.apache.catalina.core.ContainerBase$StartChild.call(ContainerBase.java:1374)
	at java.util.concurrent.FutureTask.run(FutureTask.java:266)
	at org.apache.tomcat.util.threads.InlineExecutorService.execute(InlineExecutorService.java:75)
	at java.util.concurrent.AbstractExecutorService.submit(AbstractExecutorService.java:134)
	at org.apache.catalina.core.ContainerBase.startInternal(ContainerBase.java:909)
	at org.apache.catalina.core.StandardEngine.startInternal(StandardEngine.java:262)
	at org.apache.catalina.util.LifecycleBase.start(LifecycleBase.java:183)
	at org.apache.catalina.core.StandardService.startInternal(StandardService.java:421)
	at org.apache.catalina.util.LifecycleBase.start(LifecycleBase.java:183)
	at org.apache.catalina.core.StandardServer.startInternal(StandardServer.java:930)
	at org.apache.catalina.util.LifecycleBase.start(LifecycleBase.java:183)
	at org.apache.catalina.startup.Tomcat.start(Tomcat.java:486)
	at org.springframework.boot.web.embedded.tomcat.TomcatWebServer.initialize(TomcatWebServer.java:123)
	at org.springframework.boot.web.embedded.tomcat.TomcatWebServer.<init>(TomcatWebServer.java:104)
	at org.springframework.boot.web.embedded.tomcat.TomcatServletWebServerFactory.getTomcatWebServer(TomcatServletWebServerFactory.java:440)
	at org.springframework.boot.web.embedded.tomcat.TomcatServletWebServerFactory.getWebServer(TomcatServletWebServerFactory.java:193)
	at org.springframework.boot.web.servlet.context.ServletWebServerApplicationContext.createWebServer(ServletWebServerApplicationContext.java:178)
	at org.springframework.boot.web.servlet.context.ServletWebServerApplicationContext.onRefresh(ServletWebServerApplicationContext.java:158)
	at org.springframework.context.support.AbstractApplicationContext.refresh(AbstractApplicationContext.java:545)
	at org.springframework.boot.web.servlet.context.ServletWebServerApplicationContext.refresh(ServletWebServerApplicationContext.java:143)
	at org.springframework.boot.SpringApplication.refresh(SpringApplication.java:758)
	at org.springframework.boot.SpringApplication.refresh(SpringApplication.java:750)
	at org.springframework.boot.SpringApplication.refreshContext(SpringApplication.java:405)
	at org.springframework.boot.SpringApplication.run(SpringApplication.java:315)
	at org.springframework.boot.SpringApplication.run(SpringApplication.java:1237)
	at org.springframework.boot.SpringApplication.run(SpringApplication.java:1226)
	at org.lamisplus.modules.hepatitis.HepatitisModule.main(HepatitisModule.java:35)
Caused by: org.springframework.beans.factory.NoSuchBeanDefinitionException: No qualifying bean of type 'org.lamisplus.modules.hepatitis.repository.EnrollmentRepository' available: expected at least 1 bean which qualifies as autowire candidate. Dependency annotations: {}
	at org.springframework.beans.factory.support.DefaultListableBeanFactory.raiseNoMatchingBeanFound(DefaultListableBeanFactory.java:1717)
	at org.springframework.beans.factory.support.DefaultListableBeanFactory.doResolveDependency(DefaultListableBeanFactory.java:1273)
	at com.foreach.across.core.context.AcrossListableBeanFactory.doResolveDependency(AcrossListableBeanFactory.java:236)
	at org.springframework.beans.factory.support.DefaultListableBeanFactory.resolveDependency(DefaultListableBeanFactory.java:1227)
	at org.springframework.beans.factory.support.ConstructorResolver.resolveAutowiredArgument(ConstructorResolver.java:884)
	at org.springframework.beans.factory.support.ConstructorResolver.createArgumentArray(ConstructorResolver.java:788)
	... 85 more



